trabajador,dia,turno,disposicion
1,1,manana,3
1,1,tarde,7
1,1,noche,5
1,2,manana,5
1,2,tarde,3
1,2,noche,10
1,3,manana,4
1,3,tarde,4
1,3,noche,9
1,4,manana,0
1,4,tarde,2
1,4,noche,1
1,5,manana,10
1,5,tarde,6
1,5,noche,6
1,6,manana,6
1,6,tarde,7
1,6,noche,0
1,7,manana,8
1,7,tarde,0
1,7,noche,8
1,8,manana,5
1,8,tarde,0
1,8,noche,9
1,9,manana,6
1,9,tarde,0
1,9,noche,8
1,10,manana,5
1,10,tarde,8
1,10,noche,7
1,11,manana,4
1,11,tarde,9
1,11,noche,5
1,12,manana,10
1,12,tarde,1
1,12,noche,1
1,13,manana,9
1,13,tarde,1
1,13,noche,8
1,14,manana,1
1,14,tarde,8
1,14,noche,2
1,15,manana,8
1,15,tarde,1
1,15,noche,9
1,16,manana,7
1,16,tarde,9
1,16,noche,10
1,17,manana,3
1,17,tarde,1
1,17,noche,10
1,18,manana,6
1,18,tarde,4
1,18,noche,7
1,19,manana,7
1,19,tarde,2
1,19,noche,10
2,1,manana,5
2,1,tarde,1
2,1,noche,2
2,2,manana,10
2,2,tarde,9
2,2,noche,5
2,3,manana,7
2,3,tarde,8
2,3,noche,6
2,4,manana,0
2,4,tarde,6
2,4,noche,9
2,5,manana,4
2,5,tarde,0
2,5,noche,9
2,6,manana,6
2,6,tarde,0
2,6,noche,0
2,7,manana,3
2,7,tarde,5
2,7,noche,6
2,8,manana,2
2,8,tarde,4
2,8,noche,3
2,9,manana,9
2,9,tarde,10
2,9,noche,5
2,10,manana,8
2,10,tarde,7
2,10,noche,10
2,11,manana,10
2,11,tarde,3
2,11,noche,9
2,12,manana,5
2,12,tarde,9
2,12,noche,2
2,13,manana,3
2,13,tarde,2
2,13,noche,3
2,14,manana,4
2,14,tarde,2
2,14,noche,1
2,15,manana,0
2,15,tarde,8
2,15,noche,9
2,16,manana,0
2,16,tarde,2
2,16,noche,8
2,17,manana,5
2,17,tarde,1
2,17,noche,5
2,18,manana,5
2,18,tarde,3
2,18,noche,10
2,19,manana,3
2,19,tarde,3
2,19,noche,4
3,1,manana,2
3,1,tarde,6
3,1,noche,4
3,2,manana,3
3,2,tarde,3
3,2,noche,5
3,3,manana,0
3,3,tarde,2
3,3,noche,7
3,4,manana,1
3,4,tarde,6
3,4,noche,0
3,5,manana,7
3,5,tarde,3
3,5,noche,6
3,6,manana,0
3,6,tarde,7
3,6,noche,7
3,7,manana,6
3,7,tarde,3
3,7,noche,3
3,8,manana,6
3,8,tarde,9
3,8,noche,1
3,9,manana,1
3,9,tarde,2
3,9,noche,8
3,10,manana,9
3,10,tarde,8
3,10,noche,1
3,11,manana,2
3,11,tarde,3
3,11,noche,1
3,12,manana,7
3,12,tarde,9
3,12,noche,5
3,13,manana,5
3,13,tarde,6
3,13,noche,3
3,14,manana,3
3,14,tarde,1
3,14,noche,8
3,15,manana,5
3,15,tarde,7
3,15,noche,4
3,16,manana,8
3,16,tarde,1
3,16,noche,7
3,17,manana,0
3,17,tarde,0
3,17,noche,6
3,18,manana,6
3,18,tarde,6
3,18,noche,1
3,19,manana,5
3,19,tarde,5
3,19,noche,4
4,1,manana,1
4,1,tarde,6
4,1,noche,10
4,2,manana,4
4,2,tarde,3
4,2,noche,1
4,3,manana,10
4,3,tarde,10
4,3,noche,6
4,4,manana,7
4,4,tarde,0
4,4,noche,4
4,5,manana,10
4,5,tarde,5
4,5,noche,0
4,6,manana,2
4,6,tarde,3
4,6,noche,2
4,7,manana,9
4,7,tarde,0
4,7,noche,2
4,8,manana,8
4,8,tarde,2
4,8,noche,2
4,9,manana,7
4,9,tarde,0
4,9,noche,0
4,10,manana,9
4,10,tarde,3
4,10,noche,10
4,11,manana,4
4,11,tarde,5
4,11,noche,9
4,12,manana,6
4,12,tarde,2
4,12,noche,6
4,13,manana,2
4,13,tarde,2
4,13,noche,8
4,14,manana,2
4,14,tarde,10
4,14,noche,2
4,15,manana,5
4,15,tarde,1
4,15,noche,2
4,16,manana,0
4,16,tarde,7
4,16,noche,3
4,17,manana,4
4,17,tarde,6
4,17,noche,10
4,18,manana,5
4,18,tarde,4
4,18,noche,9
4,19,manana,5
4,19,tarde,0
4,19,noche,0
5,1,manana,5
5,1,tarde,0
5,1,noche,7
5,2,manana,0
5,2,tarde,2
5,2,noche,6
5,3,manana,0
5,3,tarde,8
5,3,noche,6
5,4,manana,9
5,4,tarde,8
5,4,noche,2
5,5,manana,2
5,5,tarde,1
5,5,noche,0
5,6,manana,5
5,6,tarde,3
5,6,noche,1
5,7,manana,6
5,7,tarde,1
5,7,noche,1
5,8,manana,7
5,8,tarde,7
5,8,noche,6
5,9,manana,8
5,9,tarde,7
5,9,noche,2
5,10,manana,9
5,10,tarde,10
5,10,noche,0
5,11,manana,4
5,11,tarde,7
5,11,noche,7
5,12,manana,4
5,12,tarde,2
5,12,noche,5
5,13,manana,10
5,13,tarde,8
5,13,noche,5
5,14,manana,9
5,14,tarde,10
5,14,noche,1
5,15,manana,7
5,15,tarde,7
5,15,noche,9
5,16,manana,3
5,16,tarde,2
5,16,noche,3
5,17,manana,8
5,17,tarde,2
5,17,noche,2
5,18,manana,3
5,18,tarde,10
5,18,noche,1
5,19,manana,1
5,19,tarde,6
5,19,noche,4
6,1,manana,9
6,1,tarde,1
6,1,noche,3
6,2,manana,3
6,2,tarde,4
6,2,noche,2
6,3,manana,10
6,3,tarde,4
6,3,noche,5
6,4,manana,7
6,4,tarde,10
6,4,noche,9
6,5,manana,8
6,5,tarde,8
6,5,noche,9
6,6,manana,4
6,6,tarde,2
6,6,noche,5
6,7,manana,6
6,7,tarde,5
6,7,noche,10
6,8,manana,2
6,8,tarde,9
6,8,noche,0
6,9,manana,6
6,9,tarde,10
6,9,noche,0
6,10,manana,3
6,10,tarde,2
6,10,noche,0
6,11,manana,2
6,11,tarde,10
6,11,noche,0
6,12,manana,3
6,12,tarde,2
6,12,noche,6
6,13,manana,5
6,13,tarde,0
6,13,noche,9
6,14,manana,7
6,14,tarde,7
6,14,noche,5
6,15,manana,3
6,15,tarde,10
6,15,noche,9
6,16,manana,6
6,16,tarde,7
6,16,noche,3
6,17,manana,7
6,17,tarde,9
6,17,noche,4
6,18,manana,8
6,18,tarde,7
6,18,noche,1
6,19,manana,4
6,19,tarde,10
6,19,noche,8
7,1,manana,5
7,1,tarde,5
7,1,noche,2
7,2,manana,4
7,2,tarde,5
7,2,noche,7
7,3,manana,8
7,3,tarde,7
7,3,noche,10
7,4,manana,1
7,4,tarde,10
7,4,noche,5
7,5,manana,8
7,5,tarde,4
7,5,noche,1
7,6,manana,5
7,6,tarde,6
7,6,noche,10
7,7,manana,0
7,7,tarde,8
7,7,noche,2
7,8,manana,1
7,8,tarde,3
7,8,noche,7
7,9,manana,1
7,9,tarde,1
7,9,noche,8
7,10,manana,4
7,10,tarde,2
7,10,noche,5
7,11,manana,4
7,11,tarde,7
7,11,noche,6
7,12,manana,8
7,12,tarde,1
7,12,noche,8
7,13,manana,2
7,13,tarde,6
7,13,noche,8
7,14,manana,3
7,14,tarde,2
7,14,noche,10
7,15,manana,3
7,15,tarde,0
7,15,noche,3
7,16,manana,5
7,16,tarde,8
7,16,noche,9
7,17,manana,2
7,17,tarde,9
7,17,noche,8
7,18,manana,8
7,18,tarde,0
7,18,noche,8
7,19,manana,5
7,19,tarde,8
7,19,noche,3
8,1,manana,8
8,1,tarde,2
8,1,noche,5
8,2,manana,2
8,2,tarde,1
8,2,noche,10
8,3,manana,2
8,3,tarde,10
8,3,noche,10
8,4,manana,9
8,4,tarde,3
8,4,noche,2
8,5,manana,8
8,5,tarde,9
8,5,noche,6
8,6,manana,3
8,6,tarde,4
8,6,noche,0
8,7,manana,6
8,7,tarde,4
8,7,noche,6
8,8,manana,8
8,8,tarde,6
8,8,noche,7
8,9,manana,7
8,9,tarde,5
8,9,noche,2
8,10,manana,4
8,10,tarde,0
8,10,noche,1
8,11,manana,4
8,11,tarde,8
8,11,noche,10
8,12,manana,4
8,12,tarde,3
8,12,noche,9
8,13,manana,9
8,13,tarde,1
8,13,noche,0
8,14,manana,6
8,14,tarde,2
8,14,noche,2
8,15,manana,7
8,15,tarde,2
8,15,noche,3
8,16,manana,6
8,16,tarde,2
8,16,noche,10
8,17,manana,6
8,17,tarde,6
8,17,noche,9
8,18,manana,3
8,18,tarde,3
8,18,noche,5
8,19,manana,1
8,19,tarde,3
8,19,noche,4
9,1,manana,2
9,1,tarde,6
9,1,noche,1
9,2,manana,9
9,2,tarde,10
9,2,noche,2
9,3,manana,3
9,3,tarde,7
9,3,noche,2
9,4,manana,10
9,4,tarde,4
9,4,noche,5
9,5,manana,0
9,5,tarde,10
9,5,noche,1
9,6,manana,8
9,6,tarde,4
9,6,noche,8
9,7,manana,1
9,7,tarde,10
9,7,noche,9
9,8,manana,7
9,8,tarde,3
9,8,noche,10
9,9,manana,7
9,9,tarde,4
9,9,noche,1
9,10,manana,8
9,10,tarde,9
9,10,noche,7
9,11,manana,2
9,11,tarde,1
9,11,noche,5
9,12,manana,4
9,12,tarde,0
9,12,noche,6
9,13,manana,4
9,13,tarde,1
9,13,noche,10
9,14,manana,7
9,14,tarde,6
9,14,noche,9
9,15,manana,2
9,15,tarde,7
9,15,noche,4
9,16,manana,3
9,16,tarde,8
9,16,noche,1
9,17,manana,1
9,17,tarde,9
9,17,noche,9
9,18,manana,5
9,18,tarde,3
9,18,noche,10
9,19,manana,7
9,19,tarde,6
9,19,noche,6
10,1,manana,0
10,1,tarde,10
10,1,noche,1
10,2,manana,4
10,2,tarde,4
10,2,noche,4
10,3,manana,10
10,3,tarde,8
10,3,noche,5
10,4,manana,6
10,4,tarde,10
10,4,noche,4
10,5,manana,5
10,5,tarde,1
10,5,noche,0
10,6,manana,1
10,6,tarde,7
10,6,noche,3
10,7,manana,9
10,7,tarde,7
10,7,noche,3
10,8,manana,9
10,8,tarde,6
10,8,noche,10
10,9,manana,4
10,9,tarde,1
10,9,noche,7
10,10,manana,8
10,10,tarde,9
10,10,noche,9
10,11,manana,6
10,11,tarde,9
10,11,noche,8
10,12,manana,10
10,12,tarde,6
10,12,noche,0
10,13,manana,9
10,13,tarde,1
10,13,noche,9
10,14,manana,10
10,14,tarde,1
10,14,noche,9
10,15,manana,1
10,15,tarde,1
10,15,noche,3
10,16,manana,5
10,16,tarde,9
10,16,noche,10
10,17,manana,9
10,17,tarde,6
10,17,noche,6
10,18,manana,0
10,18,tarde,5
10,18,noche,10
10,19,manana,7
10,19,tarde,7
10,19,noche,9
11,1,manana,8
11,1,tarde,0
11,1,noche,6
11,2,manana,10
11,2,tarde,6
11,2,noche,10
11,3,manana,0
11,3,tarde,3
11,3,noche,9
11,4,manana,2
11,4,tarde,0
11,4,noche,10
11,5,manana,5
11,5,tarde,1
11,5,noche,4
11,6,manana,6
11,6,tarde,0
11,6,noche,7
11,7,manana,4
11,7,tarde,5
11,7,noche,10
11,8,manana,5
11,8,tarde,5
11,8,noche,3
11,9,manana,4
11,9,tarde,7
11,9,noche,0
11,10,manana,5
11,10,tarde,7
11,10,noche,10
11,11,manana,4
11,11,tarde,2
11,11,noche,3
11,12,manana,8
11,12,tarde,8
11,12,noche,10
11,13,manana,5
11,13,tarde,6
11,13,noche,5
11,14,manana,2
11,14,tarde,7
11,14,noche,1
11,15,manana,5
11,15,tarde,5
11,15,noche,9
11,16,manana,8
11,16,tarde,3
11,16,noche,5
11,17,manana,4
11,17,tarde,1
11,17,noche,1
11,18,manana,10
11,18,tarde,6
11,18,noche,5
11,19,manana,9
11,19,tarde,7
11,19,noche,10
12,1,manana,2
12,1,tarde,6
12,1,noche,3
12,2,manana,4
12,2,tarde,7
12,2,noche,5
12,3,manana,5
12,3,tarde,7
12,3,noche,5
12,4,manana,2
12,4,tarde,2
12,4,noche,5
12,5,manana,0
12,5,tarde,1
12,5,noche,3
12,6,manana,9
12,6,tarde,4
12,6,noche,8
12,7,manana,10
12,7,tarde,8
12,7,noche,4
12,8,manana,8
12,8,tarde,8
12,8,noche,2
12,9,manana,6
12,9,tarde,9
12,9,noche,1
12,10,manana,3
12,10,tarde,1
12,10,noche,1
12,11,manana,9
12,11,tarde,10
12,11,noche,6
12,12,manana,4
12,12,tarde,2
12,12,noche,5
12,13,manana,8
12,13,tarde,5
12,13,noche,6
12,14,manana,2
12,14,tarde,6
12,14,noche,1
12,15,manana,4
12,15,tarde,9
12,15,noche,9
12,16,manana,1
12,16,tarde,5
12,16,noche,3
12,17,manana,7
12,17,tarde,0
12,17,noche,3
12,18,manana,8
12,18,tarde,2
12,18,noche,10
12,19,manana,4
12,19,tarde,0
12,19,noche,7
13,1,manana,3
13,1,tarde,3
13,1,noche,3
13,2,manana,3
13,2,tarde,7
13,2,noche,10
13,3,manana,3
13,3,tarde,2
13,3,noche,0
13,4,manana,4
13,4,tarde,3
13,4,noche,0
13,5,manana,9
13,5,tarde,7
13,5,noche,7
13,6,manana,6
13,6,tarde,8
13,6,noche,8
13,7,manana,9
13,7,tarde,3
13,7,noche,6
13,8,manana,2
13,8,tarde,8
13,8,noche,9
13,9,manana,6
13,9,tarde,10
13,9,noche,9
13,10,manana,6
13,10,tarde,4
13,10,noche,5
13,11,manana,4
13,11,tarde,6
13,11,noche,5
13,12,manana,5
13,12,tarde,3
13,12,noche,5
13,13,manana,8
13,13,tarde,5
13,13,noche,1
13,14,manana,2
13,14,tarde,5
13,14,noche,3
13,15,manana,8
13,15,tarde,9
13,15,noche,2
13,16,manana,1
13,16,tarde,8
13,16,noche,7
13,17,manana,8
13,17,tarde,5
13,17,noche,1
13,18,manana,9
13,18,tarde,3
13,18,noche,5
13,19,manana,10
13,19,tarde,8
13,19,noche,3
14,1,manana,7
14,1,tarde,4
14,1,noche,9
14,2,manana,0
14,2,tarde,7
14,2,noche,9
14,3,manana,7
14,3,tarde,7
14,3,noche,9
14,4,manana,6
14,4,tarde,1
14,4,noche,2
14,5,manana,0
14,5,tarde,8
14,5,noche,7
14,6,manana,8
14,6,tarde,10
14,6,noche,0
14,7,manana,5
14,7,tarde,7
14,7,noche,2
14,8,manana,1
14,8,tarde,10
14,8,noche,5
14,9,manana,1
14,9,tarde,4
14,9,noche,9
14,10,manana,4
14,10,tarde,0
14,10,noche,9
14,11,manana,7
14,11,tarde,6
14,11,noche,2
14,12,manana,6
14,12,tarde,3
14,12,noche,10
14,13,manana,7
14,13,tarde,4
14,13,noche,8
14,14,manana,10
14,14,tarde,4
14,14,noche,5
14,15,manana,3
14,15,tarde,9
14,15,noche,8
14,16,manana,6
14,16,tarde,2
14,16,noche,8
14,17,manana,10
14,17,tarde,9
14,17,noche,5
14,18,manana,0
14,18,tarde,9
14,18,noche,0
14,19,manana,5
14,19,tarde,9
14,19,noche,1
15,1,manana,1
15,1,tarde,9
15,1,noche,1
15,2,manana,8
15,2,tarde,6
15,2,noche,2
15,3,manana,3
15,3,tarde,3
15,3,noche,9
15,4,manana,2
15,4,tarde,2
15,4,noche,0
15,5,manana,10
15,5,tarde,7
15,5,noche,1
15,6,manana,5
15,6,tarde,1
15,6,noche,1
15,7,manana,6
15,7,tarde,9
15,7,noche,10
15,8,manana,6
15,8,tarde,6
15,8,noche,6
15,9,manana,7
15,9,tarde,2
15,9,noche,5
15,10,manana,2
15,10,tarde,1
15,10,noche,4
15,11,manana,5
15,11,tarde,2
15,11,noche,6
15,12,manana,4
15,12,tarde,7
15,12,noche,1
15,13,manana,2
15,13,tarde,4
15,13,noche,6
15,14,manana,3
15,14,tarde,3
15,14,noche,5
15,15,manana,10
15,15,tarde,10
15,15,noche,1
15,16,manana,5
15,16,tarde,7
15,16,noche,1
15,17,manana,8
15,17,tarde,4
15,17,noche,0
15,18,manana,9
15,18,tarde,0
15,18,noche,8
15,19,manana,0
15,19,tarde,10
15,19,noche,5
16,1,manana,1
16,1,tarde,2
16,1,noche,0
16,2,manana,8
16,2,tarde,0
16,2,noche,0
16,3,manana,5
16,3,tarde,6
16,3,noche,4
16,4,manana,0
16,4,tarde,9
16,4,noche,9
16,5,manana,5
16,5,tarde,1
16,5,noche,2
16,6,manana,3
16,6,tarde,10
16,6,noche,9
16,7,manana,7
16,7,tarde,2
16,7,noche,8
16,8,manana,3
16,8,tarde,5
16,8,noche,1
16,9,manana,10
16,9,tarde,2
16,9,noche,9
16,10,manana,5
16,10,tarde,9
16,10,noche,2
16,11,manana,7
16,11,tarde,2
16,11,noche,8
16,12,manana,2
16,12,tarde,7
16,12,noche,0
16,13,manana,9
16,13,tarde,0
16,13,noche,8
16,14,manana,1
16,14,tarde,4
16,14,noche,4
16,15,manana,1
16,15,tarde,5
16,15,noche,10
16,16,manana,2
16,16,tarde,9
16,16,noche,8
16,17,manana,2
16,17,tarde,1
16,17,noche,7
16,18,manana,3
16,18,tarde,9
16,18,noche,2
16,19,manana,9
16,19,tarde,5
16,19,noche,7
17,1,manana,10
17,1,tarde,8
17,1,noche,6
17,2,manana,7
17,2,tarde,1
17,2,noche,10
17,3,manana,8
17,3,tarde,1
17,3,noche,5
17,4,manana,3
17,4,tarde,5
17,4,noche,2
17,5,manana,3
17,5,tarde,7
17,5,noche,3
17,6,manana,6
17,6,tarde,0
17,6,noche,5
17,7,manana,0
17,7,tarde,7
17,7,noche,10
17,8,manana,9
17,8,tarde,1
17,8,noche,8
17,9,manana,1
17,9,tarde,10
17,9,noche,10
17,10,manana,5
17,10,tarde,8
17,10,noche,9
17,11,manana,9
17,11,tarde,8
17,11,noche,8
17,12,manana,6
17,12,tarde,8
17,12,noche,10
17,13,manana,3
17,13,tarde,4
17,13,noche,5
17,14,manana,2
17,14,tarde,7
17,14,noche,3
17,15,manana,4
17,15,tarde,10
17,15,noche,6
17,16,manana,6
17,16,tarde,6
17,16,noche,6
17,17,manana,1
17,17,tarde,7
17,17,noche,0
17,18,manana,7
17,18,tarde,1
17,18,noche,5
17,19,manana,8
17,19,tarde,7
17,19,noche,9
18,1,manana,6
18,1,tarde,4
18,1,noche,7
18,2,manana,4
18,2,tarde,10
18,2,noche,0
18,3,manana,8
18,3,tarde,0
18,3,noche,3
18,4,manana,1
18,4,tarde,4
18,4,noche,9
18,5,manana,9
18,5,tarde,8
18,5,noche,2
18,6,manana,10
18,6,tarde,5
18,6,noche,0
18,7,manana,8
18,7,tarde,0
18,7,noche,0
18,8,manana,4
18,8,tarde,6
18,8,noche,3
18,9,manana,5
18,9,tarde,8
18,9,noche,0
18,10,manana,10
18,10,tarde,6
18,10,noche,8
18,11,manana,8
18,11,tarde,2
18,11,noche,8
18,12,manana,5
18,12,tarde,10
18,12,noche,0
18,13,manana,3
18,13,tarde,1
18,13,noche,7
18,14,manana,2
18,14,tarde,3
18,14,noche,5
18,15,manana,1
18,15,tarde,3
18,15,noche,7
18,16,manana,3
18,16,tarde,9
18,16,noche,10
18,17,manana,9
18,17,tarde,0
18,17,noche,0
18,18,manana,6
18,18,tarde,3
18,18,noche,1
18,19,manana,4
18,19,tarde,0
18,19,noche,3
19,1,manana,10
19,1,tarde,5
19,1,noche,2
19,2,manana,6
19,2,tarde,3
19,2,noche,5
19,3,manana,6
19,3,tarde,0
19,3,noche,2
19,4,manana,2
19,4,tarde,9
19,4,noche,3
19,5,manana,9
19,5,tarde,10
19,5,noche,4
19,6,manana,6
19,6,tarde,10
19,6,noche,9
19,7,manana,10
19,7,tarde,4
19,7,noche,3
19,8,manana,10
19,8,tarde,4
19,8,noche,6
19,9,manana,0
19,9,tarde,6
19,9,noche,6
19,10,manana,6
19,10,tarde,4
19,10,noche,3
19,11,manana,7
19,11,tarde,4
19,11,noche,9
19,12,manana,0
19,12,tarde,10
19,12,noche,6
19,13,manana,0
19,13,tarde,7
19,13,noche,2
19,14,manana,10
19,14,tarde,3
19,14,noche,1
19,15,manana,10
19,15,tarde,1
19,15,noche,1
19,16,manana,2
19,16,tarde,7
19,16,noche,1
19,17,manana,2
19,17,tarde,8
19,17,noche,5
19,18,manana,2
19,18,tarde,4
19,18,noche,10
19,19,manana,6
19,19,tarde,4
19,19,noche,8
20,1,manana,4
20,1,tarde,4
20,1,noche,9
20,2,manana,4
20,2,tarde,1
20,2,noche,1
20,3,manana,6
20,3,tarde,3
20,3,noche,1
20,4,manana,8
20,4,tarde,7
20,4,noche,3
20,5,manana,2
20,5,tarde,8
20,5,noche,0
20,6,manana,7
20,6,tarde,7
20,6,noche,1
20,7,manana,1
20,7,tarde,3
20,7,noche,0
20,8,manana,6
20,8,tarde,2
20,8,noche,1
20,9,manana,1
20,9,tarde,3
20,9,noche,6
20,10,manana,9
20,10,tarde,5
20,10,noche,7
20,11,manana,2
20,11,tarde,7
20,11,noche,9
20,12,manana,0
20,12,tarde,10
20,12,noche,8
20,13,manana,3
20,13,tarde,3
20,13,noche,5
20,14,manana,0
20,14,tarde,9
20,14,noche,0
20,15,manana,2
20,15,tarde,5
20,15,noche,4
20,16,manana,2
20,16,tarde,5
20,16,noche,7
20,17,manana,3
20,17,tarde,10
20,17,noche,0
20,18,manana,6
20,18,tarde,6
20,18,noche,2
20,19,manana,4
20,19,tarde,8
20,19,noche,1
21,1,manana,3
21,1,tarde,2
21,1,noche,10
21,2,manana,3
21,2,tarde,5
21,2,noche,10
21,3,manana,7
21,3,tarde,0
21,3,noche,7
21,4,manana,1
21,4,tarde,3
21,4,noche,9
21,5,manana,8
21,5,tarde,4
21,5,noche,8
21,6,manana,2
21,6,tarde,2
21,6,noche,8
21,7,manana,5
21,7,tarde,0
21,7,noche,1
21,8,manana,10
21,8,tarde,1
21,8,noche,6
21,9,manana,8
21,9,tarde,8
21,9,noche,0
21,10,manana,9
21,10,tarde,2
21,10,noche,5
21,11,manana,5
21,11,tarde,0
21,11,noche,2
21,12,manana,1
21,12,tarde,10
21,12,noche,3
21,13,manana,0
21,13,tarde,6
21,13,noche,0
21,14,manana,9
21,14,tarde,0
21,14,noche,6
21,15,manana,9
21,15,tarde,1
21,15,noche,3
21,16,manana,10
21,16,tarde,0
21,16,noche,9
21,17,manana,8
21,17,tarde,1
21,17,noche,0
21,18,manana,10
21,18,tarde,7
21,18,noche,9
21,19,manana,10
21,19,tarde,6
21,19,noche,4
22,1,manana,10
22,1,tarde,9
22,1,noche,6
22,2,manana,7
22,2,tarde,3
22,2,noche,10
22,3,manana,7
22,3,tarde,9
22,3,noche,4
22,4,manana,5
22,4,tarde,10
22,4,noche,7
22,5,manana,7
22,5,tarde,2
22,5,noche,7
22,6,manana,8
22,6,tarde,5
22,6,noche,3
22,7,manana,2
22,7,tarde,4
22,7,noche,10
22,8,manana,2
22,8,tarde,6
22,8,noche,4
22,9,manana,2
22,9,tarde,5
22,9,noche,0
22,10,manana,6
22,10,tarde,4
22,10,noche,2
22,11,manana,0
22,11,tarde,7
22,11,noche,6
22,12,manana,8
22,12,tarde,3
22,12,noche,6
22,13,manana,2
22,13,tarde,10
22,13,noche,5
22,14,manana,3
22,14,tarde,6
22,14,noche,6
22,15,manana,6
22,15,tarde,7
22,15,noche,7
22,16,manana,7
22,16,tarde,6
22,16,noche,7
22,17,manana,5
22,17,tarde,5
22,17,noche,5
22,18,manana,10
22,18,tarde,6
22,18,noche,2
22,19,manana,8
22,19,tarde,3
22,19,noche,3
23,1,manana,3
23,1,tarde,3
23,1,noche,9
23,2,manana,3
23,2,tarde,10
23,2,noche,9
23,3,manana,5
23,3,tarde,7
23,3,noche,8
23,4,manana,6
23,4,tarde,5
23,4,noche,10
23,5,manana,4
23,5,tarde,3
23,5,noche,6
23,6,manana,2
23,6,tarde,7
23,6,noche,1
23,7,manana,8
23,7,tarde,10
23,7,noche,7
23,8,manana,4
23,8,tarde,9
23,8,noche,6
23,9,manana,0
23,9,tarde,3
23,9,noche,3
23,10,manana,5
23,10,tarde,8
23,10,noche,2
23,11,manana,10
23,11,tarde,6
23,11,noche,8
23,12,manana,6
23,12,tarde,2
23,12,noche,7
23,13,manana,0
23,13,tarde,3
23,13,noche,6
23,14,manana,9
23,14,tarde,10
23,14,noche,2
23,15,manana,4
23,15,tarde,10
23,15,noche,9
23,16,manana,2
23,16,tarde,10
23,16,noche,6
23,17,manana,9
23,17,tarde,3
23,17,noche,2
23,18,manana,6
23,18,tarde,5
23,18,noche,7
23,19,manana,3
23,19,tarde,2
23,19,noche,7
24,1,manana,5
24,1,tarde,9
24,1,noche,9
24,2,manana,8
24,2,tarde,10
24,2,noche,0
24,3,manana,10
24,3,tarde,1
24,3,noche,1
24,4,manana,1
24,4,tarde,0
24,4,noche,0
24,5,manana,0
24,5,tarde,5
24,5,noche,1
24,6,manana,5
24,6,tarde,5
24,6,noche,3
24,7,manana,2
24,7,tarde,3
24,7,noche,4
24,8,manana,1
24,8,tarde,5
24,8,noche,9
24,9,manana,5
24,9,tarde,9
24,9,noche,7
24,10,manana,7
24,10,tarde,5
24,10,noche,2
24,11,manana,4
24,11,tarde,4
24,11,noche,1
24,12,manana,8
24,12,tarde,2
24,12,noche,2
24,13,manana,2
24,13,tarde,6
24,13,noche,1
24,14,manana,8
24,14,tarde,9
24,14,noche,6
24,15,manana,2
24,15,tarde,8
24,15,noche,8
24,16,manana,10
24,16,tarde,7
24,16,noche,4
24,17,manana,3
24,17,tarde,1
24,17,noche,10
24,18,manana,2
24,18,tarde,7
24,18,noche,1
24,19,manana,0
24,19,tarde,2
24,19,noche,6
25,1,manana,7
25,1,tarde,6
25,1,noche,7
25,2,manana,2
25,2,tarde,0
25,2,noche,9
25,3,manana,5
25,3,tarde,7
25,3,noche,9
25,4,manana,9
25,4,tarde,2
25,4,noche,7
25,5,manana,0
25,5,tarde,7
25,5,noche,10
25,6,manana,9
25,6,tarde,5
25,6,noche,5
25,7,manana,1
25,7,tarde,5
25,7,noche,1
25,8,manana,2
25,8,tarde,2
25,8,noche,9
25,9,manana,4
25,9,tarde,10
25,9,noche,6
25,10,manana,2
25,10,tarde,1
25,10,noche,10
25,11,manana,3
25,11,tarde,10
25,11,noche,5
25,12,manana,4
25,12,tarde,1
25,12,noche,5
25,13,manana,9
25,13,tarde,7
25,13,noche,0
25,14,manana,9
25,14,tarde,9
25,14,noche,6
25,15,manana,2
25,15,tarde,5
25,15,noche,4
25,16,manana,3
25,16,tarde,8
25,16,noche,4
25,17,manana,8
25,17,tarde,0
25,17,noche,7
25,18,manana,5
25,18,tarde,2
25,18,noche,0
25,19,manana,10
25,19,tarde,3
25,19,noche,4
26,1,manana,4
26,1,tarde,7
26,1,noche,6
26,2,manana,5
26,2,tarde,0
26,2,noche,4
26,3,manana,10
26,3,tarde,7
26,3,noche,10
26,4,manana,1
26,4,tarde,5
26,4,noche,8
26,5,manana,0
26,5,tarde,2
26,5,noche,9
26,6,manana,0
26,6,tarde,9
26,6,noche,0
26,7,manana,4
26,7,tarde,6
26,7,noche,3
26,8,manana,7
26,8,tarde,6
26,8,noche,6
26,9,manana,0
26,9,tarde,10
26,9,noche,4
26,10,manana,6
26,10,tarde,5
26,10,noche,5
26,11,manana,8
26,11,tarde,6
26,11,noche,6
26,12,manana,5
26,12,tarde,2
26,12,noche,5
26,13,manana,4
26,13,tarde,8
26,13,noche,3
26,14,manana,7
26,14,tarde,4
26,14,noche,4
26,15,manana,1
26,15,tarde,7
26,15,noche,10
26,16,manana,1
26,16,tarde,10
26,16,noche,5
26,17,manana,8
26,17,tarde,1
26,17,noche,0
26,18,manana,2
26,18,tarde,1
26,18,noche,3
26,19,manana,1
26,19,tarde,2
26,19,noche,5
27,1,manana,1
27,1,tarde,2
27,1,noche,9
27,2,manana,3
27,2,tarde,1
27,2,noche,1
27,3,manana,0
27,3,tarde,0
27,3,noche,5
27,4,manana,9
27,4,tarde,1
27,4,noche,2
27,5,manana,9
27,5,tarde,10
27,5,noche,7
27,6,manana,10
27,6,tarde,5
27,6,noche,10
27,7,manana,1
27,7,tarde,9
27,7,noche,1
27,8,manana,0
27,8,tarde,2
27,8,noche,3
27,9,manana,1
27,9,tarde,2
27,9,noche,1
27,10,manana,1
27,10,tarde,0
27,10,noche,6
27,11,manana,10
27,11,tarde,3
27,11,noche,3
27,12,manana,0
27,12,tarde,1
27,12,noche,6
27,13,manana,5
27,13,tarde,10
27,13,noche,8
27,14,manana,3
27,14,tarde,7
27,14,noche,3
27,15,manana,7
27,15,tarde,9
27,15,noche,2
27,16,manana,7
27,16,tarde,4
27,16,noche,10
27,17,manana,9
27,17,tarde,0
27,17,noche,7
27,18,manana,2
27,18,tarde,8
27,18,noche,0
27,19,manana,1
27,19,tarde,2
27,19,noche,3
28,1,manana,4
28,1,tarde,2
28,1,noche,8
28,2,manana,9
28,2,tarde,3
28,2,noche,1
28,3,manana,1
28,3,tarde,3
28,3,noche,2
28,4,manana,5
28,4,tarde,3
28,4,noche,2
28,5,manana,6
28,5,tarde,10
28,5,noche,9
28,6,manana,4
28,6,tarde,9
28,6,noche,6
28,7,manana,8
28,7,tarde,10
28,7,noche,4
28,8,manana,3
28,8,tarde,6
28,8,noche,4
28,9,manana,5
28,9,tarde,3
28,9,noche,8
28,10,manana,0
28,10,tarde,10
28,10,noche,10
28,11,manana,4
28,11,tarde,4
28,11,noche,2
28,12,manana,1
28,12,tarde,0
28,12,noche,1
28,13,manana,7
28,13,tarde,5
28,13,noche,0
28,14,manana,9
28,14,tarde,6
28,14,noche,1
28,15,manana,10
28,15,tarde,7
28,15,noche,0
28,16,manana,10
28,16,tarde,1
28,16,noche,5
28,17,manana,9
28,17,tarde,5
28,17,noche,10
28,18,manana,9
28,18,tarde,10
28,18,noche,1
28,19,manana,9
28,19,tarde,4
28,19,noche,5
29,1,manana,7
29,1,tarde,5
29,1,noche,7
29,2,manana,5
29,2,tarde,7
29,2,noche,4
29,3,manana,7
29,3,tarde,5
29,3,noche,8
29,4,manana,3
29,4,tarde,3
29,4,noche,9
29,5,manana,2
29,5,tarde,0
29,5,noche,5
29,6,manana,6
29,6,tarde,7
29,6,noche,7
29,7,manana,5
29,7,tarde,6
29,7,noche,7
29,8,manana,7
29,8,tarde,7
29,8,noche,2
29,9,manana,2
29,9,tarde,6
29,9,noche,6
29,10,manana,0
29,10,tarde,2
29,10,noche,5
29,11,manana,6
29,11,tarde,10
29,11,noche,2
29,12,manana,6
29,12,tarde,5
29,12,noche,0
29,13,manana,6
29,13,tarde,10
29,13,noche,2
29,14,manana,2
29,14,tarde,9
29,14,noche,2
29,15,manana,3
29,15,tarde,1
29,15,noche,0
29,16,manana,6
29,16,tarde,7
29,16,noche,2
29,17,manana,4
29,17,tarde,5
29,17,noche,3
29,18,manana,0
29,18,tarde,7
29,18,noche,6
29,19,manana,2
29,19,tarde,4
29,19,noche,8
30,1,manana,4
30,1,tarde,3
30,1,noche,3
30,2,manana,7
30,2,tarde,9
30,2,noche,7
30,3,manana,6
30,3,tarde,6
30,3,noche,2
30,4,manana,7
30,4,tarde,10
30,4,noche,0
30,5,manana,5
30,5,tarde,1
30,5,noche,1
30,6,manana,5
30,6,tarde,7
30,6,noche,9
30,7,manana,4
30,7,tarde,2
30,7,noche,3
30,8,manana,8
30,8,tarde,7
30,8,noche,3
30,9,manana,6
30,9,tarde,7
30,9,noche,0
30,10,manana,4
30,10,tarde,10
30,10,noche,2
30,11,manana,5
30,11,tarde,10
30,11,noche,4
30,12,manana,10
30,12,tarde,9
30,12,noche,6
30,13,manana,9
30,13,tarde,1
30,13,noche,9
30,14,manana,2
30,14,tarde,8
30,14,noche,4
30,15,manana,5
30,15,tarde,5
30,15,noche,2
30,16,manana,5
30,16,tarde,9
30,16,noche,7
30,17,manana,1
30,17,tarde,0
30,17,noche,7
30,18,manana,5
30,18,tarde,6
30,18,noche,3
30,19,manana,3
30,19,tarde,5
30,19,noche,3
31,1,manana,5
31,1,tarde,10
31,1,noche,7
31,2,manana,4
31,2,tarde,8
31,2,noche,5
31,3,manana,9
31,3,tarde,5
31,3,noche,3
31,4,manana,2
31,4,tarde,5
31,4,noche,10
31,5,manana,9
31,5,tarde,3
31,5,noche,9
31,6,manana,9
31,6,tarde,3
31,6,noche,3
31,7,manana,7
31,7,tarde,9
31,7,noche,7
31,8,manana,0
31,8,tarde,5
31,8,noche,8
31,9,manana,1
31,9,tarde,6
31,9,noche,2
31,10,manana,9
31,10,tarde,5
31,10,noche,1
31,11,manana,8
31,11,tarde,7
31,11,noche,7
31,12,manana,9
31,12,tarde,4
31,12,noche,1
31,13,manana,7
31,13,tarde,6
31,13,noche,3
31,14,manana,4
31,14,tarde,2
31,14,noche,5
31,15,manana,0
31,15,tarde,7
31,15,noche,3
31,16,manana,3
31,16,tarde,10
31,16,noche,0
31,17,manana,5
31,17,tarde,5
31,17,noche,9
31,18,manana,7
31,18,tarde,8
31,18,noche,2
31,19,manana,4
31,19,tarde,5
31,19,noche,7
32,1,manana,5
32,1,tarde,9
32,1,noche,8
32,2,manana,3
32,2,tarde,10
32,2,noche,3
32,3,manana,9
32,3,tarde,9
32,3,noche,1
32,4,manana,4
32,4,tarde,0
32,4,noche,3
32,5,manana,8
32,5,tarde,8
32,5,noche,4
32,6,manana,3
32,6,tarde,6
32,6,noche,6
32,7,manana,0
32,7,tarde,4
32,7,noche,4
32,8,manana,3
32,8,tarde,2
32,8,noche,4
32,9,manana,0
32,9,tarde,0
32,9,noche,10
32,10,manana,10
32,10,tarde,6
32,10,noche,1
32,11,manana,5
32,11,tarde,7
32,11,noche,2
32,12,manana,7
32,12,tarde,10
32,12,noche,6
32,13,manana,8
32,13,tarde,2
32,13,noche,9
32,14,manana,7
32,14,tarde,5
32,14,noche,1
32,15,manana,4
32,15,tarde,7
32,15,noche,4
32,16,manana,3
32,16,tarde,9
32,16,noche,7
32,17,manana,4
32,17,tarde,2
32,17,noche,9
32,18,manana,2
32,18,tarde,5
32,18,noche,0
32,19,manana,1
32,19,tarde,0
32,19,noche,5
33,1,manana,8
33,1,tarde,7
33,1,noche,5
33,2,manana,2
33,2,tarde,5
33,2,noche,6
33,3,manana,8
33,3,tarde,0
33,3,noche,10
33,4,manana,6
33,4,tarde,10
33,4,noche,5
33,5,manana,6
33,5,tarde,2
33,5,noche,5
33,6,manana,9
33,6,tarde,0
33,6,noche,10
33,7,manana,4
33,7,tarde,5
33,7,noche,9
33,8,manana,9
33,8,tarde,0
33,8,noche,8
33,9,manana,0
33,9,tarde,2
33,9,noche,7
33,10,manana,1
33,10,tarde,1
33,10,noche,2
33,11,manana,2
33,11,tarde,1
33,11,noche,8
33,12,manana,2
33,12,tarde,3
33,12,noche,1
33,13,manana,5
33,13,tarde,5
33,13,noche,5
33,14,manana,1
33,14,tarde,6
33,14,noche,5
33,15,manana,1
33,15,tarde,7
33,15,noche,6
33,16,manana,8
33,16,tarde,0
33,16,noche,8
33,17,manana,6
33,17,tarde,10
33,17,noche,6
33,18,manana,2
33,18,tarde,8
33,18,noche,1
33,19,manana,3
33,19,tarde,7
33,19,noche,2
34,1,manana,1
34,1,tarde,4
34,1,noche,3
34,2,manana,3
34,2,tarde,0
34,2,noche,10
34,3,manana,10
34,3,tarde,8
34,3,noche,0
34,4,manana,0
34,4,tarde,10
34,4,noche,3
34,5,manana,7
34,5,tarde,0
34,5,noche,0
34,6,manana,3
34,6,tarde,3
34,6,noche,2
34,7,manana,2
34,7,tarde,8
34,7,noche,5
34,8,manana,5
34,8,tarde,6
34,8,noche,10
34,9,manana,10
34,9,tarde,6
34,9,noche,0
34,10,manana,8
34,10,tarde,4
34,10,noche,7
34,11,manana,0
34,11,tarde,10
34,11,noche,6
34,12,manana,8
34,12,tarde,1
34,12,noche,0
34,13,manana,3
34,13,tarde,9
34,13,noche,0
34,14,manana,3
34,14,tarde,3
34,14,noche,9
34,15,manana,7
34,15,tarde,0
34,15,noche,5
34,16,manana,1
34,16,tarde,9
34,16,noche,5
34,17,manana,8
34,17,tarde,2
34,17,noche,6
34,18,manana,3
34,18,tarde,2
34,18,noche,8
34,19,manana,0
34,19,tarde,10
34,19,noche,9
35,1,manana,4
35,1,tarde,4
35,1,noche,8
35,2,manana,5
35,2,tarde,8
35,2,noche,6
35,3,manana,2
35,3,tarde,3
35,3,noche,9
35,4,manana,4
35,4,tarde,5
35,4,noche,3
35,5,manana,5
35,5,tarde,4
35,5,noche,6
35,6,manana,1
35,6,tarde,10
35,6,noche,4
35,7,manana,7
35,7,tarde,0
35,7,noche,7
35,8,manana,9
35,8,tarde,10
35,8,noche,10
35,9,manana,8
35,9,tarde,6
35,9,noche,3
35,10,manana,2
35,10,tarde,1
35,10,noche,0
35,11,manana,6
35,11,tarde,1
35,11,noche,3
35,12,manana,3
35,12,tarde,9
35,12,noche,4
35,13,manana,10
35,13,tarde,3
35,13,noche,9
35,14,manana,4
35,14,tarde,5
35,14,noche,7
35,15,manana,0
35,15,tarde,10
35,15,noche,10
35,16,manana,3
35,16,tarde,9
35,16,noche,4
35,17,manana,3
35,17,tarde,8
35,17,noche,0
35,18,manana,4
35,18,tarde,0
35,18,noche,3
35,19,manana,2
35,19,tarde,5
35,19,noche,3
36,1,manana,7
36,1,tarde,6
36,1,noche,5
36,2,manana,7
36,2,tarde,6
36,2,noche,9
36,3,manana,2
36,3,tarde,7
36,3,noche,7
36,4,manana,8
36,4,tarde,9
36,4,noche,4
36,5,manana,10
36,5,tarde,3
36,5,noche,1
36,6,manana,9
36,6,tarde,1
36,6,noche,0
36,7,manana,0
36,7,tarde,9
36,7,noche,0
36,8,manana,0
36,8,tarde,4
36,8,noche,0
36,9,manana,4
36,9,tarde,7
36,9,noche,6
36,10,manana,9
36,10,tarde,2
36,10,noche,1
36,11,manana,0
36,11,tarde,5
36,11,noche,3
36,12,manana,10
36,12,tarde,3
36,12,noche,6
36,13,manana,5
36,13,tarde,1
36,13,noche,4
36,14,manana,6
36,14,tarde,10
36,14,noche,0
36,15,manana,4
36,15,tarde,0
36,15,noche,1
36,16,manana,4
36,16,tarde,2
36,16,noche,4
36,17,manana,7
36,17,tarde,3
36,17,noche,1
36,18,manana,10
36,18,tarde,10
36,18,noche,0
36,19,manana,7
36,19,tarde,2
36,19,noche,0
37,1,manana,1
37,1,tarde,1
37,1,noche,3
37,2,manana,7
37,2,tarde,9
37,2,noche,8
37,3,manana,4
37,3,tarde,4
37,3,noche,0
37,4,manana,9
37,4,tarde,7
37,4,noche,1
37,5,manana,2
37,5,tarde,3
37,5,noche,1
37,6,manana,6
37,6,tarde,10
37,6,noche,6
37,7,manana,0
37,7,tarde,0
37,7,noche,7
37,8,manana,6
37,8,tarde,7
37,8,noche,6
37,9,manana,2
37,9,tarde,0
37,9,noche,9
37,10,manana,0
37,10,tarde,10
37,10,noche,1
37,11,manana,4
37,11,tarde,4
37,11,noche,7
37,12,manana,3
37,12,tarde,4
37,12,noche,0
37,13,manana,10
37,13,tarde,4
37,13,noche,3
37,14,manana,3
37,14,tarde,7
37,14,noche,0
37,15,manana,10
37,15,tarde,0
37,15,noche,9
37,16,manana,6
37,16,tarde,8
37,16,noche,7
37,17,manana,3
37,17,tarde,0
37,17,noche,4
37,18,manana,5
37,18,tarde,1
37,18,noche,9
37,19,manana,5
37,19,tarde,7
37,19,noche,7
38,1,manana,8
38,1,tarde,2
38,1,noche,5
38,2,manana,10
38,2,tarde,5
38,2,noche,8
38,3,manana,8
38,3,tarde,2
38,3,noche,5
38,4,manana,10
38,4,tarde,5
38,4,noche,6
38,5,manana,2
38,5,tarde,9
38,5,noche,6
38,6,manana,5
38,6,tarde,7
38,6,noche,5
38,7,manana,4
38,7,tarde,2
38,7,noche,10
38,8,manana,7
38,8,tarde,10
38,8,noche,8
38,9,manana,6
38,9,tarde,5
38,9,noche,6
38,10,manana,1
38,10,tarde,9
38,10,noche,4
38,11,manana,2
38,11,tarde,5
38,11,noche,5
38,12,manana,10
38,12,tarde,7
38,12,noche,7
38,13,manana,8
38,13,tarde,10
38,13,noche,2
38,14,manana,0
38,14,tarde,5
38,14,noche,8
38,15,manana,10
38,15,tarde,2
38,15,noche,9
38,16,manana,5
38,16,tarde,8
38,16,noche,10
38,17,manana,2
38,17,tarde,9
38,17,noche,2
38,18,manana,3
38,18,tarde,6
38,18,noche,1
38,19,manana,6
38,19,tarde,1
38,19,noche,8
39,1,manana,8
39,1,tarde,0
39,1,noche,8
39,2,manana,1
39,2,tarde,9
39,2,noche,0
39,3,manana,4
39,3,tarde,8
39,3,noche,10
39,4,manana,2
39,4,tarde,3
39,4,noche,10
39,5,manana,5
39,5,tarde,7
39,5,noche,1
39,6,manana,5
39,6,tarde,5
39,6,noche,8
39,7,manana,6
39,7,tarde,8
39,7,noche,10
39,8,manana,6
39,8,tarde,3
39,8,noche,9
39,9,manana,5
39,9,tarde,6
39,9,noche,1
39,10,manana,3
39,10,tarde,10
39,10,noche,10
39,11,manana,7
39,11,tarde,2
39,11,noche,3
39,12,manana,0
39,12,tarde,8
39,12,noche,1
39,13,manana,7
39,13,tarde,2
39,13,noche,1
39,14,manana,4
39,14,tarde,3
39,14,noche,6
39,15,manana,4
39,15,tarde,3
39,15,noche,8
39,16,manana,10
39,16,tarde,1
39,16,noche,3
39,17,manana,0
39,17,tarde,0
39,17,noche,0
39,18,manana,4
39,18,tarde,1
39,18,noche,3
39,19,manana,2
39,19,tarde,10
39,19,noche,1
40,1,manana,1
40,1,tarde,4
40,1,noche,7
40,2,manana,1
40,2,tarde,6
40,2,noche,5
40,3,manana,10
40,3,tarde,6
40,3,noche,0
40,4,manana,9
40,4,tarde,4
40,4,noche,5
40,5,manana,6
40,5,tarde,5
40,5,noche,3
40,6,manana,4
40,6,tarde,6
40,6,noche,9
40,7,manana,9
40,7,tarde,7
40,7,noche,10
40,8,manana,9
40,8,tarde,9
40,8,noche,0
40,9,manana,10
40,9,tarde,7
40,9,noche,0
40,10,manana,7
40,10,tarde,5
40,10,noche,5
40,11,manana,0
40,11,tarde,4
40,11,noche,7
40,12,manana,6
40,12,tarde,8
40,12,noche,1
40,13,manana,6
40,13,tarde,9
40,13,noche,9
40,14,manana,5
40,14,tarde,10
40,14,noche,7
40,15,manana,0
40,15,tarde,6
40,15,noche,0
40,16,manana,7
40,16,tarde,1
40,16,noche,7
40,17,manana,4
40,17,tarde,8
40,17,noche,1
40,18,manana,1
40,18,tarde,3
40,18,noche,10
40,19,manana,1
40,19,tarde,7
40,19,noche,6
41,1,manana,5
41,1,tarde,3
41,1,noche,9
41,2,manana,7
41,2,tarde,0
41,2,noche,5
41,3,manana,4
41,3,tarde,8
41,3,noche,7
41,4,manana,3
41,4,tarde,9
41,4,noche,6
41,5,manana,1
41,5,tarde,0
41,5,noche,10
41,6,manana,2
41,6,tarde,9
41,6,noche,10
41,7,manana,0
41,7,tarde,8
41,7,noche,7
41,8,manana,1
41,8,tarde,8
41,8,noche,2
41,9,manana,7
41,9,tarde,4
41,9,noche,9
41,10,manana,6
41,10,tarde,8
41,10,noche,10
41,11,manana,0
41,11,tarde,4
41,11,noche,9
41,12,manana,1
41,12,tarde,8
41,12,noche,7
41,13,manana,2
41,13,tarde,7
41,13,noche,4
41,14,manana,2
41,14,tarde,0
41,14,noche,4
41,15,manana,9
41,15,tarde,5
41,15,noche,6
41,16,manana,1
41,16,tarde,10
41,16,noche,2
41,17,manana,1
41,17,tarde,3
41,17,noche,7
41,18,manana,7
41,18,tarde,3
41,18,noche,0
41,19,manana,6
41,19,tarde,10
41,19,noche,2
42,1,manana,6
42,1,tarde,0
42,1,noche,4
42,2,manana,2
42,2,tarde,3
42,2,noche,5
42,3,manana,10
42,3,tarde,9
42,3,noche,7
42,4,manana,3
42,4,tarde,7
42,4,noche,1
42,5,manana,1
42,5,tarde,2
42,5,noche,2
42,6,manana,2
42,6,tarde,9
42,6,noche,9
42,7,manana,0
42,7,tarde,7
42,7,noche,7
42,8,manana,5
42,8,tarde,6
42,8,noche,0
42,9,manana,8
42,9,tarde,5
42,9,noche,10
42,10,manana,8
42,10,tarde,1
42,10,noche,6
42,11,manana,7
42,11,tarde,0
42,11,noche,4
42,12,manana,6
42,12,tarde,8
42,12,noche,6
42,13,manana,1
42,13,tarde,1
42,13,noche,1
42,14,manana,4
42,14,tarde,10
42,14,noche,5
42,15,manana,7
42,15,tarde,6
42,15,noche,8
42,16,manana,3
42,16,tarde,2
42,16,noche,1
42,17,manana,0
42,17,tarde,2
42,17,noche,1
42,18,manana,9
42,18,tarde,2
42,18,noche,10
42,19,manana,3
42,19,tarde,7
42,19,noche,10
43,1,manana,8
43,1,tarde,5
43,1,noche,8
43,2,manana,4
43,2,tarde,7
43,2,noche,1
43,3,manana,10
43,3,tarde,2
43,3,noche,9
43,4,manana,6
43,4,tarde,1
43,4,noche,8
43,5,manana,0
43,5,tarde,3
43,5,noche,3
43,6,manana,2
43,6,tarde,4
43,6,noche,2
43,7,manana,6
43,7,tarde,0
43,7,noche,5
43,8,manana,0
43,8,tarde,8
43,8,noche,0
43,9,manana,1
43,9,tarde,8
43,9,noche,10
43,10,manana,4
43,10,tarde,9
43,10,noche,8
43,11,manana,0
43,11,tarde,4
43,11,noche,2
43,12,manana,5
43,12,tarde,3
43,12,noche,7
43,13,manana,3
43,13,tarde,3
43,13,noche,10
43,14,manana,7
43,14,tarde,7
43,14,noche,7
43,15,manana,3
43,15,tarde,1
43,15,noche,2
43,16,manana,6
43,16,tarde,8
43,16,noche,10
43,17,manana,10
43,17,tarde,8
43,17,noche,1
43,18,manana,2
43,18,tarde,10
43,18,noche,2
43,19,manana,8
43,19,tarde,2
43,19,noche,1
44,1,manana,7
44,1,tarde,8
44,1,noche,1
44,2,manana,9
44,2,tarde,2
44,2,noche,3
44,3,manana,10
44,3,tarde,6
44,3,noche,10
44,4,manana,5
44,4,tarde,3
44,4,noche,4
44,5,manana,6
44,5,tarde,0
44,5,noche,6
44,6,manana,0
44,6,tarde,5
44,6,noche,6
44,7,manana,0
44,7,tarde,3
44,7,noche,10
44,8,manana,5
44,8,tarde,6
44,8,noche,7
44,9,manana,9
44,9,tarde,3
44,9,noche,2
44,10,manana,7
44,10,tarde,9
44,10,noche,8
44,11,manana,6
44,11,tarde,10
44,11,noche,10
44,12,manana,2
44,12,tarde,3
44,12,noche,9
44,13,manana,8
44,13,tarde,4
44,13,noche,7
44,14,manana,1
44,14,tarde,6
44,14,noche,9
44,15,manana,0
44,15,tarde,6
44,15,noche,1
44,16,manana,8
44,16,tarde,1
44,16,noche,2
44,17,manana,10
44,17,tarde,0
44,17,noche,5
44,18,manana,4
44,18,tarde,6
44,18,noche,4
44,19,manana,7
44,19,tarde,10
44,19,noche,5
45,1,manana,4
45,1,tarde,8
45,1,noche,9
45,2,manana,5
45,2,tarde,4
45,2,noche,7
45,3,manana,8
45,3,tarde,7
45,3,noche,6
45,4,manana,9
45,4,tarde,8
45,4,noche,10
45,5,manana,9
45,5,tarde,9
45,5,noche,10
45,6,manana,9
45,6,tarde,2
45,6,noche,7
45,7,manana,5
45,7,tarde,1
45,7,noche,7
45,8,manana,5
45,8,tarde,8
45,8,noche,8
45,9,manana,9
45,9,tarde,10
45,9,noche,1
45,10,manana,4
45,10,tarde,10
45,10,noche,4
45,11,manana,4
45,11,tarde,4
45,11,noche,9
45,12,manana,8
45,12,tarde,3
45,12,noche,5
45,13,manana,5
45,13,tarde,3
45,13,noche,9
45,14,manana,3
45,14,tarde,5
45,14,noche,4
45,15,manana,3
45,15,tarde,5
45,15,noche,8
45,16,manana,10
45,16,tarde,6
45,16,noche,4
45,17,manana,4
45,17,tarde,9
45,17,noche,6
45,18,manana,10
45,18,tarde,10
45,18,noche,3
45,19,manana,9
45,19,tarde,2
45,19,noche,4
46,1,manana,3
46,1,tarde,10
46,1,noche,10
46,2,manana,5
46,2,tarde,8
46,2,noche,8
46,3,manana,5
46,3,tarde,3
46,3,noche,7
46,4,manana,9
46,4,tarde,8
46,4,noche,2
46,5,manana,1
46,5,tarde,4
46,5,noche,10
46,6,manana,3
46,6,tarde,3
46,6,noche,9
46,7,manana,10
46,7,tarde,5
46,7,noche,2
46,8,manana,10
46,8,tarde,7
46,8,noche,5
46,9,manana,3
46,9,tarde,6
46,9,noche,7
46,10,manana,4
46,10,tarde,9
46,10,noche,7
46,11,manana,8
46,11,tarde,5
46,11,noche,2
46,12,manana,4
46,12,tarde,9
46,12,noche,1
46,13,manana,4
46,13,tarde,1
46,13,noche,6
46,14,manana,8
46,14,tarde,6
46,14,noche,0
46,15,manana,1
46,15,tarde,3
46,15,noche,4
46,16,manana,7
46,16,tarde,7
46,16,noche,8
46,17,manana,9
46,17,tarde,4
46,17,noche,8
46,18,manana,9
46,18,tarde,6
46,18,noche,3
46,19,manana,4
46,19,tarde,0
46,19,noche,6
47,1,manana,10
47,1,tarde,7
47,1,noche,9
47,2,manana,1
47,2,tarde,7
47,2,noche,6
47,3,manana,6
47,3,tarde,5
47,3,noche,1
47,4,manana,2
47,4,tarde,2
47,4,noche,1
47,5,manana,5
47,5,tarde,0
47,5,noche,0
47,6,manana,1
47,6,tarde,4
47,6,noche,1
47,7,manana,8
47,7,tarde,8
47,7,noche,4
47,8,manana,2
47,8,tarde,1
47,8,noche,10
47,9,manana,6
47,9,tarde,3
47,9,noche,0
47,10,manana,10
47,10,tarde,9
47,10,noche,0
47,11,manana,0
47,11,tarde,1
47,11,noche,5
47,12,manana,9
47,12,tarde,4
47,12,noche,4
47,13,manana,6
47,13,tarde,3
47,13,noche,3
47,14,manana,3
47,14,tarde,9
47,14,noche,9
47,15,manana,9
47,15,tarde,4
47,15,noche,8
47,16,manana,5
47,16,tarde,3
47,16,noche,2
47,17,manana,0
47,17,tarde,8
47,17,noche,9
47,18,manana,5
47,18,tarde,3
47,18,noche,2
47,19,manana,6
47,19,tarde,3
47,19,noche,8
48,1,manana,9
48,1,tarde,0
48,1,noche,2
48,2,manana,1
48,2,tarde,9
48,2,noche,9
48,3,manana,4
48,3,tarde,7
48,3,noche,1
48,4,manana,1
48,4,tarde,3
48,4,noche,6
48,5,manana,3
48,5,tarde,3
48,5,noche,7
48,6,manana,9
48,6,tarde,2
48,6,noche,2
48,7,manana,3
48,7,tarde,4
48,7,noche,1
48,8,manana,0
48,8,tarde,3
48,8,noche,10
48,9,manana,4
48,9,tarde,6
48,9,noche,9
48,10,manana,9
48,10,tarde,6
48,10,noche,7
48,11,manana,3
48,11,tarde,3
48,11,noche,1
48,12,manana,1
48,12,tarde,6
48,12,noche,7
48,13,manana,7
48,13,tarde,2
48,13,noche,6
48,14,manana,9
48,14,tarde,6
48,14,noche,0
48,15,manana,8
48,15,tarde,4
48,15,noche,3
48,16,manana,10
48,16,tarde,7
48,16,noche,6
48,17,manana,8
48,17,tarde,5
48,17,noche,5
48,18,manana,0
48,18,tarde,7
48,18,noche,8
48,19,manana,9
48,19,tarde,6
48,19,noche,7
49,1,manana,9
49,1,tarde,3
49,1,noche,5
49,2,manana,2
49,2,tarde,1
49,2,noche,9
49,3,manana,10
49,3,tarde,6
49,3,noche,2
49,4,manana,6
49,4,tarde,3
49,4,noche,3
49,5,manana,5
49,5,tarde,5
49,5,noche,6
49,6,manana,4
49,6,tarde,3
49,6,noche,4
49,7,manana,3
49,7,tarde,6
49,7,noche,9
49,8,manana,7
49,8,tarde,0
49,8,noche,10
49,9,manana,9
49,9,tarde,3
49,9,noche,10
49,10,manana,1
49,10,tarde,7
49,10,noche,0
49,11,manana,6
49,11,tarde,9
49,11,noche,5
49,12,manana,5
49,12,tarde,6
49,12,noche,0
49,13,manana,7
49,13,tarde,6
49,13,noche,7
49,14,manana,6
49,14,tarde,1
49,14,noche,6
49,15,manana,4
49,15,tarde,5
49,15,noche,3
49,16,manana,4
49,16,tarde,5
49,16,noche,4
49,17,manana,7
49,17,tarde,2
49,17,noche,2
49,18,manana,3
49,18,tarde,9
49,18,noche,10
49,19,manana,8
49,19,tarde,9
49,19,noche,8
50,1,manana,3
50,1,tarde,0
50,1,noche,6
50,2,manana,5
50,2,tarde,0
50,2,noche,3
50,3,manana,1
50,3,tarde,2
50,3,noche,1
50,4,manana,9
50,4,tarde,8
50,4,noche,0
50,5,manana,4
50,5,tarde,1
50,5,noche,8
50,6,manana,4
50,6,tarde,7
50,6,noche,2
50,7,manana,4
50,7,tarde,2
50,7,noche,6
50,8,manana,4
50,8,tarde,2
50,8,noche,3
50,9,manana,6
50,9,tarde,4
50,9,noche,2
50,10,manana,8
50,10,tarde,1
50,10,noche,3
50,11,manana,1
50,11,tarde,9
50,11,noche,0
50,12,manana,9
50,12,tarde,10
50,12,noche,2
50,13,manana,4
50,13,tarde,8
50,13,noche,7
50,14,manana,6
50,14,tarde,2
50,14,noche,3
50,15,manana,0
50,15,tarde,3
50,15,noche,9
50,16,manana,1
50,16,tarde,1
50,16,noche,1
50,17,manana,4
50,17,tarde,2
50,17,noche,8
50,18,manana,1
50,18,tarde,7
50,18,noche,8
50,19,manana,5
50,19,tarde,2
50,19,noche,2
51,1,manana,8
51,1,tarde,2
51,1,noche,3
51,2,manana,0
51,2,tarde,5
51,2,noche,2
51,3,manana,4
51,3,tarde,8
51,3,noche,0
51,4,manana,8
51,4,tarde,8
51,4,noche,0
51,5,manana,6
51,5,tarde,2
51,5,noche,2
51,6,manana,0
51,6,tarde,7
51,6,noche,2
51,7,manana,2
51,7,tarde,3
51,7,noche,9
51,8,manana,5
51,8,tarde,9
51,8,noche,4
51,9,manana,7
51,9,tarde,3
51,9,noche,7
51,10,manana,2
51,10,tarde,1
51,10,noche,3
51,11,manana,2
51,11,tarde,10
51,11,noche,9
51,12,manana,0
51,12,tarde,1
51,12,noche,6
51,13,manana,2
51,13,tarde,0
51,13,noche,4
51,14,manana,7
51,14,tarde,8
51,14,noche,7
51,15,manana,10
51,15,tarde,6
51,15,noche,8
51,16,manana,8
51,16,tarde,6
51,16,noche,8
51,17,manana,7
51,17,tarde,10
51,17,noche,8
51,18,manana,5
51,18,tarde,9
51,18,noche,9
51,19,manana,6
51,19,tarde,4
51,19,noche,8
52,1,manana,6
52,1,tarde,2
52,1,noche,8
52,2,manana,7
52,2,tarde,2
52,2,noche,0
52,3,manana,3
52,3,tarde,1
52,3,noche,9
52,4,manana,5
52,4,tarde,4
52,4,noche,1
52,5,manana,9
52,5,tarde,6
52,5,noche,6
52,6,manana,6
52,6,tarde,4
52,6,noche,5
52,7,manana,0
52,7,tarde,5
52,7,noche,7
52,8,manana,3
52,8,tarde,0
52,8,noche,3
52,9,manana,6
52,9,tarde,10
52,9,noche,2
52,10,manana,7
52,10,tarde,9
52,10,noche,2
52,11,manana,10
52,11,tarde,4
52,11,noche,6
52,12,manana,3
52,12,tarde,2
52,12,noche,0
52,13,manana,3
52,13,tarde,7
52,13,noche,4
52,14,manana,7
52,14,tarde,6
52,14,noche,7
52,15,manana,7
52,15,tarde,5
52,15,noche,3
52,16,manana,7
52,16,tarde,2
52,16,noche,6
52,17,manana,0
52,17,tarde,3
52,17,noche,2
52,18,manana,10
52,18,tarde,1
52,18,noche,4
52,19,manana,5
52,19,tarde,0
52,19,noche,5
53,1,manana,7
53,1,tarde,6
53,1,noche,10
53,2,manana,6
53,2,tarde,1
53,2,noche,9
53,3,manana,4
53,3,tarde,5
53,3,noche,8
53,4,manana,8
53,4,tarde,7
53,4,noche,0
53,5,manana,7
53,5,tarde,1
53,5,noche,5
53,6,manana,5
53,6,tarde,3
53,6,noche,4
53,7,manana,8
53,7,tarde,2
53,7,noche,0
53,8,manana,1
53,8,tarde,2
53,8,noche,8
53,9,manana,4
53,9,tarde,0
53,9,noche,0
53,10,manana,8
53,10,tarde,3
53,10,noche,10
53,11,manana,8
53,11,tarde,5
53,11,noche,0
53,12,manana,7
53,12,tarde,6
53,12,noche,5
53,13,manana,9
53,13,tarde,7
53,13,noche,5
53,14,manana,9
53,14,tarde,5
53,14,noche,4
53,15,manana,5
53,15,tarde,0
53,15,noche,8
53,16,manana,9
53,16,tarde,1
53,16,noche,7
53,17,manana,7
53,17,tarde,6
53,17,noche,8
53,18,manana,0
53,18,tarde,10
53,18,noche,8
53,19,manana,9
53,19,tarde,8
53,19,noche,1
54,1,manana,2
54,1,tarde,6
54,1,noche,5
54,2,manana,10
54,2,tarde,7
54,2,noche,10
54,3,manana,4
54,3,tarde,2
54,3,noche,2
54,4,manana,3
54,4,tarde,1
54,4,noche,9
54,5,manana,6
54,5,tarde,4
54,5,noche,6
54,6,manana,3
54,6,tarde,0
54,6,noche,0
54,7,manana,4
54,7,tarde,0
54,7,noche,2
54,8,manana,3
54,8,tarde,6
54,8,noche,9
54,9,manana,3
54,9,tarde,6
54,9,noche,2
54,10,manana,6
54,10,tarde,8
54,10,noche,9
54,11,manana,4
54,11,tarde,3
54,11,noche,0
54,12,manana,1
54,12,tarde,2
54,12,noche,0
54,13,manana,4
54,13,tarde,7
54,13,noche,1
54,14,manana,3
54,14,tarde,7
54,14,noche,2
54,15,manana,10
54,15,tarde,7
54,15,noche,1
54,16,manana,1
54,16,tarde,10
54,16,noche,7
54,17,manana,5
54,17,tarde,9
54,17,noche,5
54,18,manana,7
54,18,tarde,4
54,18,noche,9
54,19,manana,8
54,19,tarde,8
54,19,noche,5
55,1,manana,10
55,1,tarde,10
55,1,noche,5
55,2,manana,8
55,2,tarde,2
55,2,noche,10
55,3,manana,10
55,3,tarde,9
55,3,noche,8
55,4,manana,10
55,4,tarde,4
55,4,noche,9
55,5,manana,3
55,5,tarde,3
55,5,noche,0
55,6,manana,6
55,6,tarde,7
55,6,noche,4
55,7,manana,5
55,7,tarde,8
55,7,noche,4
55,8,manana,7
55,8,tarde,6
55,8,noche,0
55,9,manana,9
55,9,tarde,4
55,9,noche,4
55,10,manana,1
55,10,tarde,2
55,10,noche,8
55,11,manana,3
55,11,tarde,3
55,11,noche,3
55,12,manana,7
55,12,tarde,2
55,12,noche,1
55,13,manana,8
55,13,tarde,8
55,13,noche,5
55,14,manana,6
55,14,tarde,6
55,14,noche,6
55,15,manana,9
55,15,tarde,5
55,15,noche,4
55,16,manana,1
55,16,tarde,3
55,16,noche,2
55,17,manana,9
55,17,tarde,7
55,17,noche,10
55,18,manana,1
55,18,tarde,5
55,18,noche,0
55,19,manana,6
55,19,tarde,6
55,19,noche,6
56,1,manana,2
56,1,tarde,6
56,1,noche,7
56,2,manana,0
56,2,tarde,5
56,2,noche,5
56,3,manana,1
56,3,tarde,4
56,3,noche,3
56,4,manana,7
56,4,tarde,7
56,4,noche,6
56,5,manana,9
56,5,tarde,3
56,5,noche,6
56,6,manana,6
56,6,tarde,3
56,6,noche,4
56,7,manana,3
56,7,tarde,9
56,7,noche,2
56,8,manana,5
56,8,tarde,2
56,8,noche,9
56,9,manana,5
56,9,tarde,9
56,9,noche,6
56,10,manana,1
56,10,tarde,1
56,10,noche,1
56,11,manana,1
56,11,tarde,0
56,11,noche,2
56,12,manana,8
56,12,tarde,6
56,12,noche,7
56,13,manana,1
56,13,tarde,10
56,13,noche,2
56,14,manana,0
56,14,tarde,0
56,14,noche,7
56,15,manana,2
56,15,tarde,0
56,15,noche,2
56,16,manana,4
56,16,tarde,5
56,16,noche,10
56,17,manana,10
56,17,tarde,5
56,17,noche,10
56,18,manana,9
56,18,tarde,1
56,18,noche,0
56,19,manana,2
56,19,tarde,4
56,19,noche,5
57,1,manana,1
57,1,tarde,0
57,1,noche,9
57,2,manana,1
57,2,tarde,0
57,2,noche,9
57,3,manana,0
57,3,tarde,3
57,3,noche,2
57,4,manana,6
57,4,tarde,7
57,4,noche,1
57,5,manana,4
57,5,tarde,9
57,5,noche,4
57,6,manana,9
57,6,tarde,8
57,6,noche,1
57,7,manana,9
57,7,tarde,4
57,7,noche,2
57,8,manana,1
57,8,tarde,7
57,8,noche,9
57,9,manana,4
57,9,tarde,2
57,9,noche,10
57,10,manana,8
57,10,tarde,1
57,10,noche,7
57,11,manana,9
57,11,tarde,3
57,11,noche,4
57,12,manana,0
57,12,tarde,6
57,12,noche,5
57,13,manana,10
57,13,tarde,2
57,13,noche,7
57,14,manana,7
57,14,tarde,5
57,14,noche,8
57,15,manana,4
57,15,tarde,4
57,15,noche,10
57,16,manana,6
57,16,tarde,6
57,16,noche,3
57,17,manana,4
57,17,tarde,10
57,17,noche,5
57,18,manana,3
57,18,tarde,3
57,18,noche,7
57,19,manana,2
57,19,tarde,2
57,19,noche,0
58,1,manana,1
58,1,tarde,0
58,1,noche,9
58,2,manana,1
58,2,tarde,2
58,2,noche,1
58,3,manana,7
58,3,tarde,2
58,3,noche,2
58,4,manana,1
58,4,tarde,4
58,4,noche,5
58,5,manana,5
58,5,tarde,9
58,5,noche,3
58,6,manana,7
58,6,tarde,6
58,6,noche,6
58,7,manana,1
58,7,tarde,10
58,7,noche,10
58,8,manana,10
58,8,tarde,8
58,8,noche,9
58,9,manana,4
58,9,tarde,3
58,9,noche,7
58,10,manana,10
58,10,tarde,0
58,10,noche,5
58,11,manana,2
58,11,tarde,6
58,11,noche,3
58,12,manana,5
58,12,tarde,1
58,12,noche,0
58,13,manana,0
58,13,tarde,4
58,13,noche,6
58,14,manana,2
58,14,tarde,7
58,14,noche,7
58,15,manana,10
58,15,tarde,6
58,15,noche,5
58,16,manana,7
58,16,tarde,2
58,16,noche,5
58,17,manana,6
58,17,tarde,10
58,17,noche,5
58,18,manana,9
58,18,tarde,2
58,18,noche,0
58,19,manana,2
58,19,tarde,4
58,19,noche,6
59,1,manana,1
59,1,tarde,7
59,1,noche,5
59,2,manana,2
59,2,tarde,0
59,2,noche,2
59,3,manana,3
59,3,tarde,8
59,3,noche,9
59,4,manana,7
59,4,tarde,4
59,4,noche,3
59,5,manana,2
59,5,tarde,6
59,5,noche,0
59,6,manana,0
59,6,tarde,10
59,6,noche,5
59,7,manana,5
59,7,tarde,9
59,7,noche,5
59,8,manana,5
59,8,tarde,0
59,8,noche,1
59,9,manana,7
59,9,tarde,8
59,9,noche,3
59,10,manana,3
59,10,tarde,2
59,10,noche,5
59,11,manana,10
59,11,tarde,10
59,11,noche,8
59,12,manana,4
59,12,tarde,8
59,12,noche,6
59,13,manana,8
59,13,tarde,9
59,13,noche,9
59,14,manana,9
59,14,tarde,3
59,14,noche,6
59,15,manana,0
59,15,tarde,7
59,15,noche,9
59,16,manana,8
59,16,tarde,4
59,16,noche,8
59,17,manana,7
59,17,tarde,0
59,17,noche,4
59,18,manana,5
59,18,tarde,0
59,18,noche,6
59,19,manana,9
59,19,tarde,10
59,19,noche,1
60,1,manana,7
60,1,tarde,6
60,1,noche,7
60,2,manana,9
60,2,tarde,9
60,2,noche,3
60,3,manana,5
60,3,tarde,9
60,3,noche,3
60,4,manana,7
60,4,tarde,4
60,4,noche,4
60,5,manana,10
60,5,tarde,0
60,5,noche,3
60,6,manana,10
60,6,tarde,9
60,6,noche,4
60,7,manana,6
60,7,tarde,4
60,7,noche,0
60,8,manana,8
60,8,tarde,3
60,8,noche,0
60,9,manana,3
60,9,tarde,7
60,9,noche,3
60,10,manana,6
60,10,tarde,0
60,10,noche,6
60,11,manana,0
60,11,tarde,1
60,11,noche,4
60,12,manana,8
60,12,tarde,8
60,12,noche,6
60,13,manana,0
60,13,tarde,8
60,13,noche,10
60,14,manana,4
60,14,tarde,9
60,14,noche,10
60,15,manana,0
60,15,tarde,7
60,15,noche,9
60,16,manana,3
60,16,tarde,8
60,16,noche,10
60,17,manana,8
60,17,tarde,4
60,17,noche,1
60,18,manana,3
60,18,tarde,6
60,18,noche,8
60,19,manana,5
60,19,tarde,2
60,19,noche,8
61,1,manana,10
61,1,tarde,3
61,1,noche,0
61,2,manana,10
61,2,tarde,6
61,2,noche,1
61,3,manana,5
61,3,tarde,10
61,3,noche,3
61,4,manana,7
61,4,tarde,0
61,4,noche,1
61,5,manana,2
61,5,tarde,4
61,5,noche,2
61,6,manana,10
61,6,tarde,4
61,6,noche,10
61,7,manana,4
61,7,tarde,6
61,7,noche,2
61,8,manana,6
61,8,tarde,3
61,8,noche,2
61,9,manana,5
61,9,tarde,1
61,9,noche,4
61,10,manana,4
61,10,tarde,8
61,10,noche,8
61,11,manana,10
61,11,tarde,1
61,11,noche,1
61,12,manana,2
61,12,tarde,1
61,12,noche,0
61,13,manana,3
61,13,tarde,1
61,13,noche,4
61,14,manana,2
61,14,tarde,1
61,14,noche,7
61,15,manana,5
61,15,tarde,1
61,15,noche,8
61,16,manana,8
61,16,tarde,7
61,16,noche,8
61,17,manana,1
61,17,tarde,7
61,17,noche,10
61,18,manana,9
61,18,tarde,4
61,18,noche,1
61,19,manana,5
61,19,tarde,1
61,19,noche,5
62,1,manana,2
62,1,tarde,6
62,1,noche,3
62,2,manana,8
62,2,tarde,4
62,2,noche,0
62,3,manana,9
62,3,tarde,1
62,3,noche,1
62,4,manana,2
62,4,tarde,2
62,4,noche,5
62,5,manana,2
62,5,tarde,8
62,5,noche,8
62,6,manana,3
62,6,tarde,7
62,6,noche,10
62,7,manana,5
62,7,tarde,0
62,7,noche,5
62,8,manana,6
62,8,tarde,6
62,8,noche,1
62,9,manana,8
62,9,tarde,6
62,9,noche,3
62,10,manana,2
62,10,tarde,3
62,10,noche,9
62,11,manana,10
62,11,tarde,7
62,11,noche,9
62,12,manana,1
62,12,tarde,3
62,12,noche,10
62,13,manana,7
62,13,tarde,8
62,13,noche,7
62,14,manana,6
62,14,tarde,5
62,14,noche,10
62,15,manana,5
62,15,tarde,3
62,15,noche,0
62,16,manana,0
62,16,tarde,7
62,16,noche,3
62,17,manana,0
62,17,tarde,9
62,17,noche,5
62,18,manana,0
62,18,tarde,10
62,18,noche,5
62,19,manana,10
62,19,tarde,5
62,19,noche,6
63,1,manana,0
63,1,tarde,5
63,1,noche,7
63,2,manana,1
63,2,tarde,2
63,2,noche,1
63,3,manana,9
63,3,tarde,8
63,3,noche,8
63,4,manana,1
63,4,tarde,9
63,4,noche,2
63,5,manana,7
63,5,tarde,7
63,5,noche,8
63,6,manana,8
63,6,tarde,5
63,6,noche,1
63,7,manana,9
63,7,tarde,0
63,7,noche,10
63,8,manana,5
63,8,tarde,3
63,8,noche,4
63,9,manana,8
63,9,tarde,6
63,9,noche,4
63,10,manana,0
63,10,tarde,1
63,10,noche,0
63,11,manana,4
63,11,tarde,10
63,11,noche,2
63,12,manana,4
63,12,tarde,6
63,12,noche,2
63,13,manana,4
63,13,tarde,5
63,13,noche,6
63,14,manana,1
63,14,tarde,8
63,14,noche,5
63,15,manana,1
63,15,tarde,7
63,15,noche,4
63,16,manana,4
63,16,tarde,6
63,16,noche,0
63,17,manana,0
63,17,tarde,4
63,17,noche,5
63,18,manana,2
63,18,tarde,1
63,18,noche,2
63,19,manana,8
63,19,tarde,9
63,19,noche,9
64,1,manana,1
64,1,tarde,5
64,1,noche,1
64,2,manana,1
64,2,tarde,4
64,2,noche,5
64,3,manana,5
64,3,tarde,1
64,3,noche,2
64,4,manana,9
64,4,tarde,3
64,4,noche,9
64,5,manana,1
64,5,tarde,3
64,5,noche,0
64,6,manana,4
64,6,tarde,4
64,6,noche,8
64,7,manana,8
64,7,tarde,1
64,7,noche,8
64,8,manana,9
64,8,tarde,8
64,8,noche,4
64,9,manana,8
64,9,tarde,10
64,9,noche,4
64,10,manana,1
64,10,tarde,6
64,10,noche,0
64,11,manana,4
64,11,tarde,6
64,11,noche,1
64,12,manana,10
64,12,tarde,5
64,12,noche,4
64,13,manana,0
64,13,tarde,2
64,13,noche,1
64,14,manana,1
64,14,tarde,9
64,14,noche,0
64,15,manana,1
64,15,tarde,7
64,15,noche,0
64,16,manana,7
64,16,tarde,5
64,16,noche,6
64,17,manana,8
64,17,tarde,1
64,17,noche,4
64,18,manana,2
64,18,tarde,9
64,18,noche,8
64,19,manana,3
64,19,tarde,1
64,19,noche,5
65,1,manana,2
65,1,tarde,2
65,1,noche,10
65,2,manana,9
65,2,tarde,1
65,2,noche,10
65,3,manana,0
65,3,tarde,7
65,3,noche,3
65,4,manana,2
65,4,tarde,2
65,4,noche,10
65,5,manana,8
65,5,tarde,3
65,5,noche,6
65,6,manana,0
65,6,tarde,10
65,6,noche,8
65,7,manana,4
65,7,tarde,9
65,7,noche,3
65,8,manana,7
65,8,tarde,8
65,8,noche,3
65,9,manana,0
65,9,tarde,6
65,9,noche,3
65,10,manana,9
65,10,tarde,10
65,10,noche,6
65,11,manana,3
65,11,tarde,8
65,11,noche,4
65,12,manana,5
65,12,tarde,2
65,12,noche,6
65,13,manana,9
65,13,tarde,6
65,13,noche,9
65,14,manana,4
65,14,tarde,4
65,14,noche,3
65,15,manana,9
65,15,tarde,1
65,15,noche,6
65,16,manana,4
65,16,tarde,10
65,16,noche,9
65,17,manana,7
65,17,tarde,0
65,17,noche,1
65,18,manana,6
65,18,tarde,9
65,18,noche,3
65,19,manana,4
65,19,tarde,2
65,19,noche,9
66,1,manana,2
66,1,tarde,10
66,1,noche,9
66,2,manana,1
66,2,tarde,10
66,2,noche,3
66,3,manana,2
66,3,tarde,0
66,3,noche,3
66,4,manana,3
66,4,tarde,0
66,4,noche,1
66,5,manana,10
66,5,tarde,6
66,5,noche,2
66,6,manana,3
66,6,tarde,4
66,6,noche,1
66,7,manana,9
66,7,tarde,0
66,7,noche,10
66,8,manana,3
66,8,tarde,1
66,8,noche,0
66,9,manana,6
66,9,tarde,1
66,9,noche,5
66,10,manana,3
66,10,tarde,7
66,10,noche,2
66,11,manana,2
66,11,tarde,10
66,11,noche,1
66,12,manana,5
66,12,tarde,5
66,12,noche,6
66,13,manana,6
66,13,tarde,10
66,13,noche,8
66,14,manana,10
66,14,tarde,4
66,14,noche,7
66,15,manana,10
66,15,tarde,3
66,15,noche,10
66,16,manana,2
66,16,tarde,3
66,16,noche,6
66,17,manana,5
66,17,tarde,3
66,17,noche,10
66,18,manana,10
66,18,tarde,3
66,18,noche,7
66,19,manana,7
66,19,tarde,4
66,19,noche,6
67,1,manana,0
67,1,tarde,4
67,1,noche,0
67,2,manana,6
67,2,tarde,7
67,2,noche,2
67,3,manana,0
67,3,tarde,0
67,3,noche,7
67,4,manana,8
67,4,tarde,4
67,4,noche,3
67,5,manana,6
67,5,tarde,1
67,5,noche,4
67,6,manana,2
67,6,tarde,4
67,6,noche,4
67,7,manana,2
67,7,tarde,6
67,7,noche,0
67,8,manana,7
67,8,tarde,8
67,8,noche,1
67,9,manana,9
67,9,tarde,7
67,9,noche,5
67,10,manana,4
67,10,tarde,10
67,10,noche,3
67,11,manana,7
67,11,tarde,3
67,11,noche,4
67,12,manana,7
67,12,tarde,6
67,12,noche,4
67,13,manana,2
67,13,tarde,7
67,13,noche,3
67,14,manana,7
67,14,tarde,2
67,14,noche,0
67,15,manana,3
67,15,tarde,10
67,15,noche,7
67,16,manana,6
67,16,tarde,3
67,16,noche,8
67,17,manana,8
67,17,tarde,10
67,17,noche,2
67,18,manana,1
67,18,tarde,4
67,18,noche,5
67,19,manana,8
67,19,tarde,4
67,19,noche,1
68,1,manana,4
68,1,tarde,10
68,1,noche,8
68,2,manana,4
68,2,tarde,6
68,2,noche,0
68,3,manana,1
68,3,tarde,9
68,3,noche,1
68,4,manana,3
68,4,tarde,4
68,4,noche,4
68,5,manana,3
68,5,tarde,10
68,5,noche,8
68,6,manana,9
68,6,tarde,9
68,6,noche,8
68,7,manana,2
68,7,tarde,10
68,7,noche,7
68,8,manana,8
68,8,tarde,0
68,8,noche,2
68,9,manana,0
68,9,tarde,5
68,9,noche,8
68,10,manana,6
68,10,tarde,9
68,10,noche,5
68,11,manana,0
68,11,tarde,7
68,11,noche,3
68,12,manana,2
68,12,tarde,1
68,12,noche,4
68,13,manana,6
68,13,tarde,4
68,13,noche,4
68,14,manana,9
68,14,tarde,3
68,14,noche,10
68,15,manana,6
68,15,tarde,10
68,15,noche,9
68,16,manana,9
68,16,tarde,9
68,16,noche,5
68,17,manana,1
68,17,tarde,6
68,17,noche,7
68,18,manana,9
68,18,tarde,3
68,18,noche,3
68,19,manana,5
68,19,tarde,0
68,19,noche,5
69,1,manana,5
69,1,tarde,7
69,1,noche,3
69,2,manana,8
69,2,tarde,5
69,2,noche,7
69,3,manana,3
69,3,tarde,6
69,3,noche,8
69,4,manana,0
69,4,tarde,1
69,4,noche,1
69,5,manana,9
69,5,tarde,2
69,5,noche,3
69,6,manana,6
69,6,tarde,0
69,6,noche,3
69,7,manana,7
69,7,tarde,6
69,7,noche,8
69,8,manana,1
69,8,tarde,1
69,8,noche,10
69,9,manana,8
69,9,tarde,7
69,9,noche,2
69,10,manana,3
69,10,tarde,3
69,10,noche,3
69,11,manana,5
69,11,tarde,1
69,11,noche,0
69,12,manana,4
69,12,tarde,0
69,12,noche,9
69,13,manana,6
69,13,tarde,1
69,13,noche,4
69,14,manana,10
69,14,tarde,9
69,14,noche,7
69,15,manana,3
69,15,tarde,1
69,15,noche,5
69,16,manana,3
69,16,tarde,9
69,16,noche,1
69,17,manana,1
69,17,tarde,4
69,17,noche,9
69,18,manana,8
69,18,tarde,10
69,18,noche,3
69,19,manana,0
69,19,tarde,7
69,19,noche,4
70,1,manana,8
70,1,tarde,2
70,1,noche,10
70,2,manana,0
70,2,tarde,7
70,2,noche,3
70,3,manana,6
70,3,tarde,5
70,3,noche,1
70,4,manana,1
70,4,tarde,8
70,4,noche,9
70,5,manana,3
70,5,tarde,9
70,5,noche,4
70,6,manana,0
70,6,tarde,6
70,6,noche,5
70,7,manana,5
70,7,tarde,7
70,7,noche,8
70,8,manana,2
70,8,tarde,0
70,8,noche,1
70,9,manana,10
70,9,tarde,9
70,9,noche,0
70,10,manana,10
70,10,tarde,4
70,10,noche,3
70,11,manana,2
70,11,tarde,2
70,11,noche,3
70,12,manana,0
70,12,tarde,2
70,12,noche,3
70,13,manana,3
70,13,tarde,3
70,13,noche,2
70,14,manana,4
70,14,tarde,7
70,14,noche,0
70,15,manana,10
70,15,tarde,7
70,15,noche,3
70,16,manana,9
70,16,tarde,2
70,16,noche,0
70,17,manana,1
70,17,tarde,3
70,17,noche,5
70,18,manana,10
70,18,tarde,4
70,18,noche,10
70,19,manana,6
70,19,tarde,2
70,19,noche,1
71,1,manana,2
71,1,tarde,7
71,1,noche,6
71,2,manana,0
71,2,tarde,2
71,2,noche,5
71,3,manana,0
71,3,tarde,8
71,3,noche,2
71,4,manana,10
71,4,tarde,6
71,4,noche,1
71,5,manana,1
71,5,tarde,2
71,5,noche,3
71,6,manana,1
71,6,tarde,2
71,6,noche,6
71,7,manana,1
71,7,tarde,6
71,7,noche,3
71,8,manana,2
71,8,tarde,4
71,8,noche,8
71,9,manana,8
71,9,tarde,10
71,9,noche,8
71,10,manana,9
71,10,tarde,9
71,10,noche,5
71,11,manana,7
71,11,tarde,2
71,11,noche,9
71,12,manana,8
71,12,tarde,10
71,12,noche,9
71,13,manana,3
71,13,tarde,7
71,13,noche,6
71,14,manana,2
71,14,tarde,9
71,14,noche,7
71,15,manana,4
71,15,tarde,5
71,15,noche,4
71,16,manana,9
71,16,tarde,3
71,16,noche,0
71,17,manana,3
71,17,tarde,6
71,17,noche,4
71,18,manana,6
71,18,tarde,8
71,18,noche,7
71,19,manana,1
71,19,tarde,9
71,19,noche,1
72,1,manana,2
72,1,tarde,0
72,1,noche,3
72,2,manana,8
72,2,tarde,1
72,2,noche,8
72,3,manana,7
72,3,tarde,6
72,3,noche,10
72,4,manana,9
72,4,tarde,2
72,4,noche,0
72,5,manana,8
72,5,tarde,2
72,5,noche,8
72,6,manana,3
72,6,tarde,2
72,6,noche,3
72,7,manana,0
72,7,tarde,8
72,7,noche,9
72,8,manana,8
72,8,tarde,1
72,8,noche,3
72,9,manana,8
72,9,tarde,8
72,9,noche,1
72,10,manana,5
72,10,tarde,8
72,10,noche,8
72,11,manana,1
72,11,tarde,4
72,11,noche,4
72,12,manana,5
72,12,tarde,8
72,12,noche,2
72,13,manana,2
72,13,tarde,0
72,13,noche,6
72,14,manana,7
72,14,tarde,3
72,14,noche,2
72,15,manana,3
72,15,tarde,10
72,15,noche,1
72,16,manana,8
72,16,tarde,2
72,16,noche,9
72,17,manana,7
72,17,tarde,1
72,17,noche,6
72,18,manana,10
72,18,tarde,8
72,18,noche,1
72,19,manana,5
72,19,tarde,7
72,19,noche,2
73,1,manana,10
73,1,tarde,4
73,1,noche,5
73,2,manana,0
73,2,tarde,0
73,2,noche,0
73,3,manana,0
73,3,tarde,10
73,3,noche,0
73,4,manana,0
73,4,tarde,1
73,4,noche,5
73,5,manana,2
73,5,tarde,10
73,5,noche,9
73,6,manana,1
73,6,tarde,1
73,6,noche,3
73,7,manana,7
73,7,tarde,1
73,7,noche,7
73,8,manana,8
73,8,tarde,10
73,8,noche,5
73,9,manana,0
73,9,tarde,10
73,9,noche,9
73,10,manana,0
73,10,tarde,2
73,10,noche,5
73,11,manana,5
73,11,tarde,6
73,11,noche,10
73,12,manana,1
73,12,tarde,8
73,12,noche,10
73,13,manana,4
73,13,tarde,4
73,13,noche,4
73,14,manana,2
73,14,tarde,1
73,14,noche,8
73,15,manana,2
73,15,tarde,9
73,15,noche,10
73,16,manana,9
73,16,tarde,8
73,16,noche,7
73,17,manana,4
73,17,tarde,7
73,17,noche,8
73,18,manana,1
73,18,tarde,2
73,18,noche,2
73,19,manana,4
73,19,tarde,8
73,19,noche,9
74,1,manana,0
74,1,tarde,5
74,1,noche,6
74,2,manana,7
74,2,tarde,0
74,2,noche,8
74,3,manana,6
74,3,tarde,7
74,3,noche,0
74,4,manana,0
74,4,tarde,9
74,4,noche,0
74,5,manana,0
74,5,tarde,10
74,5,noche,4
74,6,manana,3
74,6,tarde,6
74,6,noche,5
74,7,manana,10
74,7,tarde,5
74,7,noche,1
74,8,manana,5
74,8,tarde,8
74,8,noche,4
74,9,manana,8
74,9,tarde,2
74,9,noche,6
74,10,manana,6
74,10,tarde,9
74,10,noche,1
74,11,manana,3
74,11,tarde,6
74,11,noche,2
74,12,manana,4
74,12,tarde,8
74,12,noche,3
74,13,manana,5
74,13,tarde,5
74,13,noche,10
74,14,manana,0
74,14,tarde,5
74,14,noche,4
74,15,manana,2
74,15,tarde,9
74,15,noche,6
74,16,manana,0
74,16,tarde,8
74,16,noche,0
74,17,manana,10
74,17,tarde,7
74,17,noche,0
74,18,manana,6
74,18,tarde,3
74,18,noche,3
74,19,manana,6
74,19,tarde,9
74,19,noche,9
