trabajador,dia,turno,disposicion
1,1,manana,2
1,1,tarde,3
1,1,noche,0
1,2,manana,3
1,2,tarde,4
1,2,noche,7
1,3,manana,7
1,3,tarde,8
1,3,noche,6
1,4,manana,6
1,4,tarde,10
1,4,noche,0
1,5,manana,3
1,5,tarde,2
1,5,noche,4
1,6,manana,2
1,6,tarde,0
1,6,noche,4
1,7,manana,4
1,7,tarde,10
1,7,noche,8
1,8,manana,2
1,8,tarde,10
1,8,noche,0
1,9,manana,7
1,9,tarde,0
1,9,noche,0
1,10,manana,1
1,10,tarde,5
1,10,noche,9
1,11,manana,4
1,11,tarde,1
1,11,noche,6
1,12,manana,5
1,12,tarde,10
1,12,noche,10
1,13,manana,1
1,13,tarde,6
1,13,noche,2
1,14,manana,3
1,14,tarde,1
1,14,noche,9
1,15,manana,8
1,15,tarde,1
1,15,noche,8
1,16,manana,10
1,16,tarde,9
1,16,noche,8
1,17,manana,4
1,17,tarde,7
1,17,noche,1
2,1,manana,3
2,1,tarde,9
2,1,noche,1
2,2,manana,5
2,2,tarde,5
2,2,noche,9
2,3,manana,6
2,3,tarde,3
2,3,noche,6
2,4,manana,3
2,4,tarde,2
2,4,noche,1
2,5,manana,2
2,5,tarde,3
2,5,noche,4
2,6,manana,7
2,6,tarde,6
2,6,noche,4
2,7,manana,9
2,7,tarde,0
2,7,noche,7
2,8,manana,8
2,8,tarde,5
2,8,noche,1
2,9,manana,5
2,9,tarde,8
2,9,noche,6
2,10,manana,7
2,10,tarde,10
2,10,noche,3
2,11,manana,4
2,11,tarde,2
2,11,noche,5
2,12,manana,7
2,12,tarde,5
2,12,noche,4
2,13,manana,0
2,13,tarde,10
2,13,noche,9
2,14,manana,0
2,14,tarde,10
2,14,noche,0
2,15,manana,10
2,15,tarde,3
2,15,noche,4
2,16,manana,8
2,16,tarde,6
2,16,noche,4
2,17,manana,10
2,17,tarde,5
2,17,noche,10
3,1,manana,1
3,1,tarde,8
3,1,noche,3
3,2,manana,7
3,2,tarde,6
3,2,noche,0
3,3,manana,6
3,3,tarde,4
3,3,noche,4
3,4,manana,1
3,4,tarde,3
3,4,noche,4
3,5,manana,3
3,5,tarde,2
3,5,noche,7
3,6,manana,10
3,6,tarde,5
3,6,noche,10
3,7,manana,6
3,7,tarde,0
3,7,noche,4
3,8,manana,1
3,8,tarde,7
3,8,noche,7
3,9,manana,6
3,9,tarde,5
3,9,noche,6
3,10,manana,1
3,10,tarde,2
3,10,noche,4
3,11,manana,8
3,11,tarde,1
3,11,noche,5
3,12,manana,6
3,12,tarde,9
3,12,noche,8
3,13,manana,5
3,13,tarde,7
3,13,noche,0
3,14,manana,0
3,14,tarde,10
3,14,noche,10
3,15,manana,2
3,15,tarde,10
3,15,noche,7
3,16,manana,10
3,16,tarde,2
3,16,noche,0
3,17,manana,6
3,17,tarde,3
3,17,noche,10
4,1,manana,4
4,1,tarde,5
4,1,noche,9
4,2,manana,1
4,2,tarde,1
4,2,noche,2
4,3,manana,3
4,3,tarde,8
4,3,noche,10
4,4,manana,2
4,4,tarde,9
4,4,noche,10
4,5,manana,6
4,5,tarde,5
4,5,noche,7
4,6,manana,7
4,6,tarde,2
4,6,noche,4
4,7,manana,2
4,7,tarde,10
4,7,noche,9
4,8,manana,5
4,8,tarde,4
4,8,noche,3
4,9,manana,1
4,9,tarde,6
4,9,noche,5
4,10,manana,2
4,10,tarde,6
4,10,noche,6
4,11,manana,9
4,11,tarde,3
4,11,noche,0
4,12,manana,0
4,12,tarde,8
4,12,noche,10
4,13,manana,9
4,13,tarde,10
4,13,noche,3
4,14,manana,1
4,14,tarde,7
4,14,noche,3
4,15,manana,4
4,15,tarde,2
4,15,noche,0
4,16,manana,6
4,16,tarde,9
4,16,noche,6
4,17,manana,9
4,17,tarde,4
4,17,noche,2
5,1,manana,1
5,1,tarde,5
5,1,noche,2
5,2,manana,9
5,2,tarde,1
5,2,noche,0
5,3,manana,8
5,3,tarde,6
5,3,noche,7
5,4,manana,10
5,4,tarde,7
5,4,noche,1
5,5,manana,3
5,5,tarde,3
5,5,noche,3
5,6,manana,4
5,6,tarde,4
5,6,noche,7
5,7,manana,6
5,7,tarde,2
5,7,noche,6
5,8,manana,3
5,8,tarde,9
5,8,noche,3
5,9,manana,4
5,9,tarde,10
5,9,noche,3
5,10,manana,6
5,10,tarde,2
5,10,noche,6
5,11,manana,2
5,11,tarde,0
5,11,noche,4
5,12,manana,4
5,12,tarde,3
5,12,noche,9
5,13,manana,7
5,13,tarde,3
5,13,noche,5
5,14,manana,9
5,14,tarde,10
5,14,noche,10
5,15,manana,7
5,15,tarde,1
5,15,noche,0
5,16,manana,7
5,16,tarde,2
5,16,noche,5
5,17,manana,6
5,17,tarde,10
5,17,noche,3
6,1,manana,6
6,1,tarde,6
6,1,noche,9
6,2,manana,4
6,2,tarde,1
6,2,noche,1
6,3,manana,8
6,3,tarde,0
6,3,noche,0
6,4,manana,5
6,4,tarde,3
6,4,noche,7
6,5,manana,5
6,5,tarde,9
6,5,noche,10
6,6,manana,9
6,6,tarde,0
6,6,noche,0
6,7,manana,4
6,7,tarde,8
6,7,noche,9
6,8,manana,6
6,8,tarde,4
6,8,noche,6
6,9,manana,10
6,9,tarde,5
6,9,noche,2
6,10,manana,8
6,10,tarde,0
6,10,noche,9
6,11,manana,2
6,11,tarde,4
6,11,noche,2
6,12,manana,8
6,12,tarde,7
6,12,noche,5
6,13,manana,7
6,13,tarde,2
6,13,noche,1
6,14,manana,5
6,14,tarde,8
6,14,noche,6
6,15,manana,2
6,15,tarde,4
6,15,noche,1
6,16,manana,5
6,16,tarde,0
6,16,noche,2
6,17,manana,7
6,17,tarde,4
6,17,noche,5
7,1,manana,6
7,1,tarde,4
7,1,noche,4
7,2,manana,9
7,2,tarde,4
7,2,noche,8
7,3,manana,5
7,3,tarde,6
7,3,noche,2
7,4,manana,5
7,4,tarde,7
7,4,noche,2
7,5,manana,8
7,5,tarde,10
7,5,noche,10
7,6,manana,7
7,6,tarde,0
7,6,noche,3
7,7,manana,2
7,7,tarde,0
7,7,noche,3
7,8,manana,2
7,8,tarde,0
7,8,noche,7
7,9,manana,4
7,9,tarde,2
7,9,noche,7
7,10,manana,6
7,10,tarde,1
7,10,noche,7
7,11,manana,0
7,11,tarde,7
7,11,noche,5
7,12,manana,8
7,12,tarde,7
7,12,noche,7
7,13,manana,7
7,13,tarde,1
7,13,noche,2
7,14,manana,1
7,14,tarde,5
7,14,noche,1
7,15,manana,3
7,15,tarde,4
7,15,noche,2
7,16,manana,2
7,16,tarde,8
7,16,noche,4
7,17,manana,9
7,17,tarde,10
7,17,noche,9
8,1,manana,3
8,1,tarde,9
8,1,noche,0
8,2,manana,8
8,2,tarde,9
8,2,noche,2
8,3,manana,6
8,3,tarde,1
8,3,noche,3
8,4,manana,7
8,4,tarde,10
8,4,noche,1
8,5,manana,5
8,5,tarde,0
8,5,noche,4
8,6,manana,10
8,6,tarde,10
8,6,noche,1
8,7,manana,6
8,7,tarde,5
8,7,noche,9
8,8,manana,1
8,8,tarde,5
8,8,noche,2
8,9,manana,0
8,9,tarde,1
8,9,noche,7
8,10,manana,10
8,10,tarde,7
8,10,noche,7
8,11,manana,10
8,11,tarde,4
8,11,noche,9
8,12,manana,10
8,12,tarde,0
8,12,noche,5
8,13,manana,0
8,13,tarde,10
8,13,noche,9
8,14,manana,7
8,14,tarde,5
8,14,noche,9
8,15,manana,2
8,15,tarde,3
8,15,noche,0
8,16,manana,10
8,16,tarde,4
8,16,noche,5
8,17,manana,0
8,17,tarde,1
8,17,noche,8
9,1,manana,9
9,1,tarde,6
9,1,noche,1
9,2,manana,6
9,2,tarde,4
9,2,noche,2
9,3,manana,3
9,3,tarde,6
9,3,noche,1
9,4,manana,0
9,4,tarde,3
9,4,noche,2
9,5,manana,6
9,5,tarde,6
9,5,noche,4
9,6,manana,10
9,6,tarde,10
9,6,noche,2
9,7,manana,1
9,7,tarde,4
9,7,noche,7
9,8,manana,6
9,8,tarde,4
9,8,noche,10
9,9,manana,9
9,9,tarde,2
9,9,noche,5
9,10,manana,10
9,10,tarde,1
9,10,noche,5
9,11,manana,8
9,11,tarde,3
9,11,noche,7
9,12,manana,7
9,12,tarde,6
9,12,noche,7
9,13,manana,4
9,13,tarde,9
9,13,noche,9
9,14,manana,6
9,14,tarde,1
9,14,noche,6
9,15,manana,5
9,15,tarde,9
9,15,noche,2
9,16,manana,6
9,16,tarde,10
9,16,noche,6
9,17,manana,1
9,17,tarde,0
9,17,noche,8
10,1,manana,5
10,1,tarde,7
10,1,noche,10
10,2,manana,3
10,2,tarde,10
10,2,noche,10
10,3,manana,2
10,3,tarde,7
10,3,noche,8
10,4,manana,10
10,4,tarde,10
10,4,noche,8
10,5,manana,1
10,5,tarde,4
10,5,noche,7
10,6,manana,6
10,6,tarde,1
10,6,noche,7
10,7,manana,4
10,7,tarde,2
10,7,noche,2
10,8,manana,10
10,8,tarde,4
10,8,noche,3
10,9,manana,8
10,9,tarde,6
10,9,noche,4
10,10,manana,9
10,10,tarde,0
10,10,noche,8
10,11,manana,1
10,11,tarde,0
10,11,noche,8
10,12,manana,1
10,12,tarde,8
10,12,noche,6
10,13,manana,6
10,13,tarde,1
10,13,noche,7
10,14,manana,10
10,14,tarde,9
10,14,noche,4
10,15,manana,5
10,15,tarde,4
10,15,noche,9
10,16,manana,1
10,16,tarde,8
10,16,noche,0
10,17,manana,1
10,17,tarde,10
10,17,noche,7
11,1,manana,2
11,1,tarde,2
11,1,noche,6
11,2,manana,0
11,2,tarde,1
11,2,noche,6
11,3,manana,4
11,3,tarde,5
11,3,noche,9
11,4,manana,7
11,4,tarde,10
11,4,noche,7
11,5,manana,9
11,5,tarde,4
11,5,noche,5
11,6,manana,2
11,6,tarde,3
11,6,noche,2
11,7,manana,1
11,7,tarde,9
11,7,noche,4
11,8,manana,10
11,8,tarde,1
11,8,noche,6
11,9,manana,8
11,9,tarde,0
11,9,noche,0
11,10,manana,6
11,10,tarde,1
11,10,noche,0
11,11,manana,2
11,11,tarde,10
11,11,noche,7
11,12,manana,7
11,12,tarde,6
11,12,noche,10
11,13,manana,9
11,13,tarde,7
11,13,noche,4
11,14,manana,9
11,14,tarde,9
11,14,noche,5
11,15,manana,10
11,15,tarde,10
11,15,noche,6
11,16,manana,4
11,16,tarde,1
11,16,noche,2
11,17,manana,2
11,17,tarde,0
11,17,noche,3
12,1,manana,1
12,1,tarde,0
12,1,noche,3
12,2,manana,0
12,2,tarde,3
12,2,noche,7
12,3,manana,10
12,3,tarde,2
12,3,noche,10
12,4,manana,3
12,4,tarde,6
12,4,noche,10
12,5,manana,8
12,5,tarde,3
12,5,noche,1
12,6,manana,4
12,6,tarde,7
12,6,noche,2
12,7,manana,7
12,7,tarde,6
12,7,noche,0
12,8,manana,1
12,8,tarde,2
12,8,noche,2
12,9,manana,7
12,9,tarde,7
12,9,noche,7
12,10,manana,0
12,10,tarde,7
12,10,noche,9
12,11,manana,3
12,11,tarde,3
12,11,noche,4
12,12,manana,9
12,12,tarde,6
12,12,noche,0
12,13,manana,5
12,13,tarde,0
12,13,noche,1
12,14,manana,10
12,14,tarde,6
12,14,noche,6
12,15,manana,7
12,15,tarde,9
12,15,noche,9
12,16,manana,8
12,16,tarde,4
12,16,noche,0
12,17,manana,7
12,17,tarde,6
12,17,noche,7
13,1,manana,8
13,1,tarde,9
13,1,noche,9
13,2,manana,10
13,2,tarde,7
13,2,noche,3
13,3,manana,0
13,3,tarde,8
13,3,noche,0
13,4,manana,6
13,4,tarde,9
13,4,noche,5
13,5,manana,8
13,5,tarde,1
13,5,noche,4
13,6,manana,10
13,6,tarde,6
13,6,noche,7
13,7,manana,1
13,7,tarde,7
13,7,noche,9
13,8,manana,10
13,8,tarde,5
13,8,noche,7
13,9,manana,6
13,9,tarde,0
13,9,noche,2
13,10,manana,4
13,10,tarde,3
13,10,noche,7
13,11,manana,5
13,11,tarde,7
13,11,noche,3
13,12,manana,8
13,12,tarde,3
13,12,noche,9
13,13,manana,10
13,13,tarde,5
13,13,noche,9
13,14,manana,10
13,14,tarde,7
13,14,noche,2
13,15,manana,4
13,15,tarde,6
13,15,noche,6
13,16,manana,10
13,16,tarde,10
13,16,noche,5
13,17,manana,7
13,17,tarde,2
13,17,noche,9
14,1,manana,3
14,1,tarde,4
14,1,noche,1
14,2,manana,10
14,2,tarde,7
14,2,noche,2
14,3,manana,2
14,3,tarde,3
14,3,noche,2
14,4,manana,9
14,4,tarde,7
14,4,noche,1
14,5,manana,6
14,5,tarde,7
14,5,noche,4
14,6,manana,3
14,6,tarde,3
14,6,noche,8
14,7,manana,0
14,7,tarde,0
14,7,noche,5
14,8,manana,4
14,8,tarde,5
14,8,noche,10
14,9,manana,2
14,9,tarde,2
14,9,noche,8
14,10,manana,0
14,10,tarde,1
14,10,noche,5
14,11,manana,6
14,11,tarde,1
14,11,noche,9
14,12,manana,3
14,12,tarde,1
14,12,noche,8
14,13,manana,3
14,13,tarde,7
14,13,noche,4
14,14,manana,5
14,14,tarde,5
14,14,noche,0
14,15,manana,8
14,15,tarde,4
14,15,noche,2
14,16,manana,8
14,16,tarde,9
14,16,noche,10
14,17,manana,1
14,17,tarde,0
14,17,noche,7
15,1,manana,7
15,1,tarde,1
15,1,noche,1
15,2,manana,9
15,2,tarde,9
15,2,noche,1
15,3,manana,8
15,3,tarde,0
15,3,noche,8
15,4,manana,1
15,4,tarde,2
15,4,noche,10
15,5,manana,1
15,5,tarde,3
15,5,noche,5
15,6,manana,2
15,6,tarde,4
15,6,noche,7
15,7,manana,8
15,7,tarde,7
15,7,noche,1
15,8,manana,2
15,8,tarde,10
15,8,noche,5
15,9,manana,5
15,9,tarde,2
15,9,noche,1
15,10,manana,3
15,10,tarde,7
15,10,noche,6
15,11,manana,0
15,11,tarde,3
15,11,noche,7
15,12,manana,5
15,12,tarde,4
15,12,noche,8
15,13,manana,2
15,13,tarde,1
15,13,noche,4
15,14,manana,5
15,14,tarde,6
15,14,noche,5
15,15,manana,10
15,15,tarde,10
15,15,noche,3
15,16,manana,2
15,16,tarde,8
15,16,noche,6
15,17,manana,3
15,17,tarde,2
15,17,noche,6
16,1,manana,6
16,1,tarde,6
16,1,noche,7
16,2,manana,8
16,2,tarde,10
16,2,noche,5
16,3,manana,0
16,3,tarde,7
16,3,noche,2
16,4,manana,0
16,4,tarde,8
16,4,noche,1
16,5,manana,1
16,5,tarde,5
16,5,noche,5
16,6,manana,6
16,6,tarde,2
16,6,noche,6
16,7,manana,0
16,7,tarde,6
16,7,noche,0
16,8,manana,10
16,8,tarde,10
16,8,noche,2
16,9,manana,9
16,9,tarde,0
16,9,noche,10
16,10,manana,10
16,10,tarde,8
16,10,noche,4
16,11,manana,6
16,11,tarde,6
16,11,noche,10
16,12,manana,8
16,12,tarde,4
16,12,noche,5
16,13,manana,5
16,13,tarde,0
16,13,noche,4
16,14,manana,8
16,14,tarde,9
16,14,noche,2
16,15,manana,6
16,15,tarde,7
16,15,noche,10
16,16,manana,3
16,16,tarde,8
16,16,noche,9
16,17,manana,9
16,17,tarde,10
16,17,noche,7
17,1,manana,5
17,1,tarde,10
17,1,noche,6
17,2,manana,3
17,2,tarde,4
17,2,noche,1
17,3,manana,0
17,3,tarde,8
17,3,noche,5
17,4,manana,6
17,4,tarde,2
17,4,noche,8
17,5,manana,8
17,5,tarde,4
17,5,noche,3
17,6,manana,1
17,6,tarde,8
17,6,noche,8
17,7,manana,4
17,7,tarde,8
17,7,noche,5
17,8,manana,10
17,8,tarde,2
17,8,noche,0
17,9,manana,0
17,9,tarde,8
17,9,noche,9
17,10,manana,4
17,10,tarde,3
17,10,noche,4
17,11,manana,6
17,11,tarde,8
17,11,noche,1
17,12,manana,0
17,12,tarde,5
17,12,noche,4
17,13,manana,10
17,13,tarde,8
17,13,noche,5
17,14,manana,1
17,14,tarde,0
17,14,noche,10
17,15,manana,1
17,15,tarde,7
17,15,noche,4
17,16,manana,9
17,16,tarde,0
17,16,noche,7
17,17,manana,5
17,17,tarde,3
17,17,noche,9
18,1,manana,9
18,1,tarde,10
18,1,noche,10
18,2,manana,8
18,2,tarde,9
18,2,noche,3
18,3,manana,5
18,3,tarde,4
18,3,noche,4
18,4,manana,10
18,4,tarde,9
18,4,noche,10
18,5,manana,2
18,5,tarde,6
18,5,noche,8
18,6,manana,3
18,6,tarde,1
18,6,noche,5
18,7,manana,8
18,7,tarde,9
18,7,noche,3
18,8,manana,5
18,8,tarde,7
18,8,noche,1
18,9,manana,2
18,9,tarde,6
18,9,noche,6
18,10,manana,1
18,10,tarde,1
18,10,noche,0
18,11,manana,6
18,11,tarde,2
18,11,noche,7
18,12,manana,3
18,12,tarde,7
18,12,noche,1
18,13,manana,5
18,13,tarde,10
18,13,noche,8
18,14,manana,6
18,14,tarde,9
18,14,noche,8
18,15,manana,8
18,15,tarde,6
18,15,noche,4
18,16,manana,9
18,16,tarde,7
18,16,noche,10
18,17,manana,6
18,17,tarde,7
18,17,noche,7
19,1,manana,6
19,1,tarde,2
19,1,noche,2
19,2,manana,8
19,2,tarde,2
19,2,noche,7
19,3,manana,7
19,3,tarde,2
19,3,noche,8
19,4,manana,8
19,4,tarde,1
19,4,noche,3
19,5,manana,7
19,5,tarde,7
19,5,noche,0
19,6,manana,2
19,6,tarde,8
19,6,noche,5
19,7,manana,1
19,7,tarde,9
19,7,noche,6
19,8,manana,1
19,8,tarde,1
19,8,noche,5
19,9,manana,9
19,9,tarde,4
19,9,noche,0
19,10,manana,8
19,10,tarde,2
19,10,noche,1
19,11,manana,5
19,11,tarde,4
19,11,noche,5
19,12,manana,4
19,12,tarde,4
19,12,noche,7
19,13,manana,0
19,13,tarde,2
19,13,noche,2
19,14,manana,9
19,14,tarde,6
19,14,noche,0
19,15,manana,4
19,15,tarde,4
19,15,noche,3
19,16,manana,2
19,16,tarde,7
19,16,noche,0
19,17,manana,1
19,17,tarde,8
19,17,noche,5
20,1,manana,1
20,1,tarde,0
20,1,noche,6
20,2,manana,7
20,2,tarde,9
20,2,noche,4
20,3,manana,9
20,3,tarde,7
20,3,noche,5
20,4,manana,6
20,4,tarde,7
20,4,noche,9
20,5,manana,2
20,5,tarde,2
20,5,noche,8
20,6,manana,10
20,6,tarde,7
20,6,noche,7
20,7,manana,10
20,7,tarde,7
20,7,noche,2
20,8,manana,5
20,8,tarde,1
20,8,noche,9
20,9,manana,10
20,9,tarde,9
20,9,noche,6
20,10,manana,6
20,10,tarde,3
20,10,noche,6
20,11,manana,5
20,11,tarde,8
20,11,noche,0
20,12,manana,10
20,12,tarde,7
20,12,noche,4
20,13,manana,10
20,13,tarde,1
20,13,noche,2
20,14,manana,0
20,14,tarde,9
20,14,noche,10
20,15,manana,4
20,15,tarde,8
20,15,noche,10
20,16,manana,1
20,16,tarde,10
20,16,noche,8
20,17,manana,1
20,17,tarde,3
20,17,noche,9
21,1,manana,8
21,1,tarde,9
21,1,noche,0
21,2,manana,9
21,2,tarde,8
21,2,noche,3
21,3,manana,7
21,3,tarde,8
21,3,noche,0
21,4,manana,1
21,4,tarde,10
21,4,noche,8
21,5,manana,2
21,5,tarde,0
21,5,noche,4
21,6,manana,3
21,6,tarde,3
21,6,noche,9
21,7,manana,7
21,7,tarde,1
21,7,noche,8
21,8,manana,9
21,8,tarde,5
21,8,noche,6
21,9,manana,9
21,9,tarde,0
21,9,noche,7
21,10,manana,0
21,10,tarde,5
21,10,noche,6
21,11,manana,2
21,11,tarde,6
21,11,noche,0
21,12,manana,8
21,12,tarde,5
21,12,noche,6
21,13,manana,4
21,13,tarde,1
21,13,noche,1
21,14,manana,1
21,14,tarde,8
21,14,noche,2
21,15,manana,4
21,15,tarde,2
21,15,noche,2
21,16,manana,4
21,16,tarde,1
21,16,noche,2
21,17,manana,4
21,17,tarde,6
21,17,noche,10
22,1,manana,2
22,1,tarde,0
22,1,noche,9
22,2,manana,5
22,2,tarde,2
22,2,noche,0
22,3,manana,0
22,3,tarde,4
22,3,noche,6
22,4,manana,1
22,4,tarde,5
22,4,noche,2
22,5,manana,6
22,5,tarde,5
22,5,noche,4
22,6,manana,6
22,6,tarde,1
22,6,noche,0
22,7,manana,3
22,7,tarde,3
22,7,noche,9
22,8,manana,9
22,8,tarde,3
22,8,noche,7
22,9,manana,8
22,9,tarde,8
22,9,noche,6
22,10,manana,1
22,10,tarde,4
22,10,noche,0
22,11,manana,5
22,11,tarde,7
22,11,noche,8
22,12,manana,6
22,12,tarde,1
22,12,noche,7
22,13,manana,0
22,13,tarde,6
22,13,noche,10
22,14,manana,3
22,14,tarde,0
22,14,noche,4
22,15,manana,8
22,15,tarde,9
22,15,noche,10
22,16,manana,1
22,16,tarde,3
22,16,noche,8
22,17,manana,10
22,17,tarde,2
22,17,noche,4
23,1,manana,9
23,1,tarde,6
23,1,noche,7
23,2,manana,1
23,2,tarde,10
23,2,noche,8
23,3,manana,3
23,3,tarde,2
23,3,noche,5
23,4,manana,8
23,4,tarde,2
23,4,noche,3
23,5,manana,8
23,5,tarde,6
23,5,noche,8
23,6,manana,7
23,6,tarde,0
23,6,noche,0
23,7,manana,7
23,7,tarde,9
23,7,noche,4
23,8,manana,10
23,8,tarde,2
23,8,noche,0
23,9,manana,0
23,9,tarde,7
23,9,noche,4
23,10,manana,9
23,10,tarde,4
23,10,noche,10
23,11,manana,6
23,11,tarde,5
23,11,noche,10
23,12,manana,3
23,12,tarde,9
23,12,noche,8
23,13,manana,4
23,13,tarde,0
23,13,noche,2
23,14,manana,8
23,14,tarde,9
23,14,noche,1
23,15,manana,4
23,15,tarde,1
23,15,noche,6
23,16,manana,1
23,16,tarde,2
23,16,noche,8
23,17,manana,4
23,17,tarde,6
23,17,noche,3
24,1,manana,9
24,1,tarde,8
24,1,noche,5
24,2,manana,10
24,2,tarde,5
24,2,noche,10
24,3,manana,4
24,3,tarde,7
24,3,noche,4
24,4,manana,3
24,4,tarde,10
24,4,noche,5
24,5,manana,5
24,5,tarde,3
24,5,noche,7
24,6,manana,9
24,6,tarde,5
24,6,noche,0
24,7,manana,2
24,7,tarde,10
24,7,noche,0
24,8,manana,9
24,8,tarde,7
24,8,noche,0
24,9,manana,0
24,9,tarde,10
24,9,noche,2
24,10,manana,6
24,10,tarde,8
24,10,noche,7
24,11,manana,6
24,11,tarde,8
24,11,noche,1
24,12,manana,10
24,12,tarde,10
24,12,noche,1
24,13,manana,8
24,13,tarde,0
24,13,noche,10
24,14,manana,7
24,14,tarde,10
24,14,noche,1
24,15,manana,5
24,15,tarde,6
24,15,noche,9
24,16,manana,5
24,16,tarde,6
24,16,noche,2
24,17,manana,0
24,17,tarde,1
24,17,noche,7
25,1,manana,5
25,1,tarde,3
25,1,noche,7
25,2,manana,0
25,2,tarde,3
25,2,noche,0
25,3,manana,4
25,3,tarde,10
25,3,noche,5
25,4,manana,3
25,4,tarde,1
25,4,noche,9
25,5,manana,10
25,5,tarde,4
25,5,noche,3
25,6,manana,3
25,6,tarde,7
25,6,noche,5
25,7,manana,0
25,7,tarde,4
25,7,noche,7
25,8,manana,9
25,8,tarde,3
25,8,noche,0
25,9,manana,3
25,9,tarde,10
25,9,noche,6
25,10,manana,1
25,10,tarde,4
25,10,noche,9
25,11,manana,8
25,11,tarde,7
25,11,noche,2
25,12,manana,8
25,12,tarde,3
25,12,noche,10
25,13,manana,9
25,13,tarde,10
25,13,noche,10
25,14,manana,9
25,14,tarde,9
25,14,noche,2
25,15,manana,1
25,15,tarde,9
25,15,noche,2
25,16,manana,1
25,16,tarde,2
25,16,noche,4
25,17,manana,9
25,17,tarde,3
25,17,noche,8
26,1,manana,4
26,1,tarde,3
26,1,noche,10
26,2,manana,0
26,2,tarde,10
26,2,noche,8
26,3,manana,9
26,3,tarde,4
26,3,noche,10
26,4,manana,8
26,4,tarde,7
26,4,noche,0
26,5,manana,6
26,5,tarde,10
26,5,noche,10
26,6,manana,10
26,6,tarde,0
26,6,noche,5
26,7,manana,6
26,7,tarde,6
26,7,noche,4
26,8,manana,1
26,8,tarde,10
26,8,noche,8
26,9,manana,7
26,9,tarde,7
26,9,noche,5
26,10,manana,8
26,10,tarde,0
26,10,noche,3
26,11,manana,0
26,11,tarde,4
26,11,noche,6
26,12,manana,8
26,12,tarde,7
26,12,noche,5
26,13,manana,0
26,13,tarde,6
26,13,noche,3
26,14,manana,5
26,14,tarde,1
26,14,noche,9
26,15,manana,0
26,15,tarde,3
26,15,noche,6
26,16,manana,1
26,16,tarde,3
26,16,noche,3
26,17,manana,2
26,17,tarde,5
26,17,noche,4
27,1,manana,1
27,1,tarde,10
27,1,noche,10
27,2,manana,1
27,2,tarde,0
27,2,noche,7
27,3,manana,6
27,3,tarde,0
27,3,noche,9
27,4,manana,10
27,4,tarde,5
27,4,noche,4
27,5,manana,3
27,5,tarde,1
27,5,noche,7
27,6,manana,3
27,6,tarde,5
27,6,noche,0
27,7,manana,5
27,7,tarde,8
27,7,noche,3
27,8,manana,1
27,8,tarde,9
27,8,noche,9
27,9,manana,7
27,9,tarde,1
27,9,noche,10
27,10,manana,7
27,10,tarde,9
27,10,noche,1
27,11,manana,1
27,11,tarde,0
27,11,noche,0
27,12,manana,6
27,12,tarde,5
27,12,noche,1
27,13,manana,2
27,13,tarde,0
27,13,noche,7
27,14,manana,0
27,14,tarde,4
27,14,noche,9
27,15,manana,10
27,15,tarde,6
27,15,noche,1
27,16,manana,1
27,16,tarde,10
27,16,noche,0
27,17,manana,8
27,17,tarde,0
27,17,noche,4
28,1,manana,6
28,1,tarde,6
28,1,noche,1
28,2,manana,9
28,2,tarde,6
28,2,noche,3
28,3,manana,9
28,3,tarde,10
28,3,noche,9
28,4,manana,0
28,4,tarde,7
28,4,noche,6
28,5,manana,7
28,5,tarde,6
28,5,noche,9
28,6,manana,9
28,6,tarde,1
28,6,noche,5
28,7,manana,10
28,7,tarde,10
28,7,noche,0
28,8,manana,7
28,8,tarde,8
28,8,noche,5
28,9,manana,9
28,9,tarde,3
28,9,noche,1
28,10,manana,1
28,10,tarde,0
28,10,noche,9
28,11,manana,1
28,11,tarde,9
28,11,noche,3
28,12,manana,9
28,12,tarde,2
28,12,noche,10
28,13,manana,8
28,13,tarde,4
28,13,noche,5
28,14,manana,6
28,14,tarde,7
28,14,noche,9
28,15,manana,7
28,15,tarde,2
28,15,noche,3
28,16,manana,2
28,16,tarde,0
28,16,noche,0
28,17,manana,2
28,17,tarde,4
28,17,noche,9
29,1,manana,6
29,1,tarde,8
29,1,noche,10
29,2,manana,5
29,2,tarde,4
29,2,noche,9
29,3,manana,8
29,3,tarde,2
29,3,noche,2
29,4,manana,7
29,4,tarde,4
29,4,noche,9
29,5,manana,5
29,5,tarde,4
29,5,noche,5
29,6,manana,0
29,6,tarde,8
29,6,noche,9
29,7,manana,10
29,7,tarde,10
29,7,noche,2
29,8,manana,0
29,8,tarde,3
29,8,noche,8
29,9,manana,8
29,9,tarde,0
29,9,noche,6
29,10,manana,5
29,10,tarde,3
29,10,noche,3
29,11,manana,10
29,11,tarde,3
29,11,noche,1
29,12,manana,5
29,12,tarde,3
29,12,noche,10
29,13,manana,7
29,13,tarde,7
29,13,noche,9
29,14,manana,5
29,14,tarde,9
29,14,noche,9
29,15,manana,5
29,15,tarde,9
29,15,noche,4
29,16,manana,6
29,16,tarde,5
29,16,noche,2
29,17,manana,1
29,17,tarde,7
29,17,noche,0
30,1,manana,7
30,1,tarde,3
30,1,noche,0
30,2,manana,10
30,2,tarde,3
30,2,noche,3
30,3,manana,7
30,3,tarde,9
30,3,noche,3
30,4,manana,3
30,4,tarde,7
30,4,noche,5
30,5,manana,6
30,5,tarde,3
30,5,noche,6
30,6,manana,2
30,6,tarde,0
30,6,noche,5
30,7,manana,0
30,7,tarde,1
30,7,noche,5
30,8,manana,0
30,8,tarde,8
30,8,noche,1
30,9,manana,2
30,9,tarde,4
30,9,noche,7
30,10,manana,3
30,10,tarde,10
30,10,noche,9
30,11,manana,5
30,11,tarde,0
30,11,noche,0
30,12,manana,3
30,12,tarde,3
30,12,noche,4
30,13,manana,2
30,13,tarde,3
30,13,noche,4
30,14,manana,2
30,14,tarde,5
30,14,noche,8
30,15,manana,3
30,15,tarde,2
30,15,noche,3
30,16,manana,0
30,16,tarde,2
30,16,noche,4
30,17,manana,1
30,17,tarde,0
30,17,noche,10
31,1,manana,2
31,1,tarde,6
31,1,noche,10
31,2,manana,1
31,2,tarde,5
31,2,noche,3
31,3,manana,4
31,3,tarde,7
31,3,noche,3
31,4,manana,5
31,4,tarde,5
31,4,noche,10
31,5,manana,2
31,5,tarde,8
31,5,noche,9
31,6,manana,6
31,6,tarde,1
31,6,noche,1
31,7,manana,2
31,7,tarde,2
31,7,noche,3
31,8,manana,3
31,8,tarde,8
31,8,noche,6
31,9,manana,5
31,9,tarde,5
31,9,noche,9
31,10,manana,6
31,10,tarde,10
31,10,noche,3
31,11,manana,0
31,11,tarde,9
31,11,noche,9
31,12,manana,3
31,12,tarde,8
31,12,noche,4
31,13,manana,2
31,13,tarde,5
31,13,noche,3
31,14,manana,0
31,14,tarde,10
31,14,noche,4
31,15,manana,2
31,15,tarde,8
31,15,noche,9
31,16,manana,7
31,16,tarde,3
31,16,noche,1
31,17,manana,7
31,17,tarde,10
31,17,noche,9
32,1,manana,1
32,1,tarde,2
32,1,noche,8
32,2,manana,6
32,2,tarde,10
32,2,noche,8
32,3,manana,5
32,3,tarde,7
32,3,noche,8
32,4,manana,7
32,4,tarde,2
32,4,noche,5
32,5,manana,5
32,5,tarde,8
32,5,noche,7
32,6,manana,7
32,6,tarde,7
32,6,noche,4
32,7,manana,9
32,7,tarde,6
32,7,noche,10
32,8,manana,9
32,8,tarde,10
32,8,noche,0
32,9,manana,3
32,9,tarde,3
32,9,noche,3
32,10,manana,7
32,10,tarde,3
32,10,noche,6
32,11,manana,3
32,11,tarde,4
32,11,noche,6
32,12,manana,6
32,12,tarde,9
32,12,noche,2
32,13,manana,5
32,13,tarde,4
32,13,noche,8
32,14,manana,1
32,14,tarde,2
32,14,noche,1
32,15,manana,4
32,15,tarde,7
32,15,noche,8
32,16,manana,5
32,16,tarde,3
32,16,noche,9
32,17,manana,0
32,17,tarde,7
32,17,noche,8
33,1,manana,9
33,1,tarde,5
33,1,noche,6
33,2,manana,7
33,2,tarde,7
33,2,noche,6
33,3,manana,6
33,3,tarde,5
33,3,noche,7
33,4,manana,5
33,4,tarde,4
33,4,noche,6
33,5,manana,0
33,5,tarde,2
33,5,noche,7
33,6,manana,3
33,6,tarde,4
33,6,noche,10
33,7,manana,1
33,7,tarde,5
33,7,noche,1
33,8,manana,4
33,8,tarde,8
33,8,noche,8
33,9,manana,8
33,9,tarde,10
33,9,noche,1
33,10,manana,4
33,10,tarde,3
33,10,noche,1
33,11,manana,1
33,11,tarde,1
33,11,noche,5
33,12,manana,0
33,12,tarde,8
33,12,noche,3
33,13,manana,5
33,13,tarde,3
33,13,noche,10
33,14,manana,5
33,14,tarde,4
33,14,noche,4
33,15,manana,10
33,15,tarde,4
33,15,noche,3
33,16,manana,9
33,16,tarde,2
33,16,noche,8
33,17,manana,4
33,17,tarde,0
33,17,noche,4
34,1,manana,4
34,1,tarde,5
34,1,noche,6
34,2,manana,6
34,2,tarde,9
34,2,noche,10
34,3,manana,0
34,3,tarde,7
34,3,noche,10
34,4,manana,8
34,4,tarde,2
34,4,noche,6
34,5,manana,3
34,5,tarde,3
34,5,noche,3
34,6,manana,7
34,6,tarde,3
34,6,noche,8
34,7,manana,9
34,7,tarde,8
34,7,noche,7
34,8,manana,7
34,8,tarde,5
34,8,noche,1
34,9,manana,5
34,9,tarde,3
34,9,noche,6
34,10,manana,6
34,10,tarde,3
34,10,noche,7
34,11,manana,7
34,11,tarde,8
34,11,noche,0
34,12,manana,5
34,12,tarde,2
34,12,noche,9
34,13,manana,2
34,13,tarde,4
34,13,noche,0
34,14,manana,7
34,14,tarde,10
34,14,noche,5
34,15,manana,5
34,15,tarde,3
34,15,noche,6
34,16,manana,6
34,16,tarde,10
34,16,noche,6
34,17,manana,8
34,17,tarde,4
34,17,noche,5
35,1,manana,9
35,1,tarde,0
35,1,noche,9
35,2,manana,0
35,2,tarde,2
35,2,noche,2
35,3,manana,5
35,3,tarde,9
35,3,noche,10
35,4,manana,9
35,4,tarde,9
35,4,noche,9
35,5,manana,6
35,5,tarde,6
35,5,noche,3
35,6,manana,6
35,6,tarde,1
35,6,noche,8
35,7,manana,6
35,7,tarde,3
35,7,noche,7
35,8,manana,1
35,8,tarde,5
35,8,noche,9
35,9,manana,7
35,9,tarde,10
35,9,noche,4
35,10,manana,1
35,10,tarde,2
35,10,noche,1
35,11,manana,10
35,11,tarde,8
35,11,noche,2
35,12,manana,0
35,12,tarde,9
35,12,noche,7
35,13,manana,0
35,13,tarde,2
35,13,noche,3
35,14,manana,1
35,14,tarde,6
35,14,noche,4
35,15,manana,3
35,15,tarde,3
35,15,noche,4
35,16,manana,10
35,16,tarde,8
35,16,noche,1
35,17,manana,7
35,17,tarde,0
35,17,noche,5
36,1,manana,8
36,1,tarde,0
36,1,noche,2
36,2,manana,5
36,2,tarde,6
36,2,noche,6
36,3,manana,2
36,3,tarde,1
36,3,noche,2
36,4,manana,8
36,4,tarde,6
36,4,noche,7
36,5,manana,1
36,5,tarde,6
36,5,noche,3
36,6,manana,2
36,6,tarde,3
36,6,noche,4
36,7,manana,6
36,7,tarde,10
36,7,noche,7
36,8,manana,2
36,8,tarde,9
36,8,noche,9
36,9,manana,4
36,9,tarde,9
36,9,noche,3
36,10,manana,8
36,10,tarde,10
36,10,noche,7
36,11,manana,4
36,11,tarde,3
36,11,noche,0
36,12,manana,2
36,12,tarde,7
36,12,noche,1
36,13,manana,6
36,13,tarde,9
36,13,noche,3
36,14,manana,8
36,14,tarde,5
36,14,noche,9
36,15,manana,7
36,15,tarde,7
36,15,noche,7
36,16,manana,9
36,16,tarde,0
36,16,noche,1
36,17,manana,4
36,17,tarde,10
36,17,noche,7
37,1,manana,5
37,1,tarde,4
37,1,noche,6
37,2,manana,9
37,2,tarde,2
37,2,noche,6
37,3,manana,3
37,3,tarde,2
37,3,noche,9
37,4,manana,6
37,4,tarde,7
37,4,noche,6
37,5,manana,10
37,5,tarde,2
37,5,noche,9
37,6,manana,1
37,6,tarde,6
37,6,noche,0
37,7,manana,3
37,7,tarde,2
37,7,noche,4
37,8,manana,10
37,8,tarde,8
37,8,noche,4
37,9,manana,10
37,9,tarde,1
37,9,noche,3
37,10,manana,7
37,10,tarde,6
37,10,noche,8
37,11,manana,1
37,11,tarde,5
37,11,noche,1
37,12,manana,1
37,12,tarde,8
37,12,noche,5
37,13,manana,6
37,13,tarde,7
37,13,noche,2
37,14,manana,4
37,14,tarde,3
37,14,noche,8
37,15,manana,0
37,15,tarde,7
37,15,noche,0
37,16,manana,1
37,16,tarde,10
37,16,noche,10
37,17,manana,7
37,17,tarde,6
37,17,noche,5
38,1,manana,6
38,1,tarde,3
38,1,noche,6
38,2,manana,0
38,2,tarde,0
38,2,noche,4
38,3,manana,1
38,3,tarde,2
38,3,noche,5
38,4,manana,10
38,4,tarde,7
38,4,noche,7
38,5,manana,7
38,5,tarde,1
38,5,noche,1
38,6,manana,8
38,6,tarde,10
38,6,noche,3
38,7,manana,7
38,7,tarde,2
38,7,noche,7
38,8,manana,4
38,8,tarde,2
38,8,noche,2
38,9,manana,0
38,9,tarde,9
38,9,noche,1
38,10,manana,2
38,10,tarde,4
38,10,noche,1
38,11,manana,8
38,11,tarde,6
38,11,noche,2
38,12,manana,1
38,12,tarde,10
38,12,noche,0
38,13,manana,10
38,13,tarde,4
38,13,noche,2
38,14,manana,7
38,14,tarde,5
38,14,noche,2
38,15,manana,3
38,15,tarde,0
38,15,noche,10
38,16,manana,8
38,16,tarde,3
38,16,noche,7
38,17,manana,0
38,17,tarde,10
38,17,noche,8
39,1,manana,10
39,1,tarde,10
39,1,noche,10
39,2,manana,1
39,2,tarde,6
39,2,noche,4
39,3,manana,7
39,3,tarde,0
39,3,noche,9
39,4,manana,0
39,4,tarde,0
39,4,noche,6
39,5,manana,3
39,5,tarde,3
39,5,noche,5
39,6,manana,3
39,6,tarde,3
39,6,noche,1
39,7,manana,0
39,7,tarde,6
39,7,noche,0
39,8,manana,0
39,8,tarde,5
39,8,noche,3
39,9,manana,10
39,9,tarde,10
39,9,noche,1
39,10,manana,3
39,10,tarde,1
39,10,noche,10
39,11,manana,2
39,11,tarde,2
39,11,noche,0
39,12,manana,6
39,12,tarde,8
39,12,noche,1
39,13,manana,5
39,13,tarde,5
39,13,noche,8
39,14,manana,10
39,14,tarde,3
39,14,noche,9
39,15,manana,3
39,15,tarde,8
39,15,noche,6
39,16,manana,6
39,16,tarde,1
39,16,noche,3
39,17,manana,3
39,17,tarde,1
39,17,noche,5
40,1,manana,5
40,1,tarde,2
40,1,noche,0
40,2,manana,6
40,2,tarde,10
40,2,noche,5
40,3,manana,0
40,3,tarde,6
40,3,noche,3
40,4,manana,7
40,4,tarde,3
40,4,noche,1
40,5,manana,10
40,5,tarde,4
40,5,noche,10
40,6,manana,9
40,6,tarde,5
40,6,noche,0
40,7,manana,1
40,7,tarde,3
40,7,noche,6
40,8,manana,4
40,8,tarde,9
40,8,noche,7
40,9,manana,1
40,9,tarde,8
40,9,noche,9
40,10,manana,2
40,10,tarde,4
40,10,noche,1
40,11,manana,9
40,11,tarde,5
40,11,noche,10
40,12,manana,6
40,12,tarde,10
40,12,noche,2
40,13,manana,5
40,13,tarde,2
40,13,noche,10
40,14,manana,5
40,14,tarde,10
40,14,noche,7
40,15,manana,1
40,15,tarde,5
40,15,noche,0
40,16,manana,9
40,16,tarde,9
40,16,noche,7
40,17,manana,6
40,17,tarde,8
40,17,noche,10
41,1,manana,3
41,1,tarde,8
41,1,noche,9
41,2,manana,0
41,2,tarde,3
41,2,noche,0
41,3,manana,9
41,3,tarde,1
41,3,noche,4
41,4,manana,3
41,4,tarde,6
41,4,noche,3
41,5,manana,9
41,5,tarde,1
41,5,noche,0
41,6,manana,2
41,6,tarde,5
41,6,noche,7
41,7,manana,4
41,7,tarde,3
41,7,noche,2
41,8,manana,6
41,8,tarde,3
41,8,noche,10
41,9,manana,0
41,9,tarde,3
41,9,noche,9
41,10,manana,7
41,10,tarde,5
41,10,noche,2
41,11,manana,4
41,11,tarde,5
41,11,noche,10
41,12,manana,0
41,12,tarde,8
41,12,noche,6
41,13,manana,10
41,13,tarde,4
41,13,noche,0
41,14,manana,3
41,14,tarde,5
41,14,noche,5
41,15,manana,3
41,15,tarde,3
41,15,noche,8
41,16,manana,0
41,16,tarde,10
41,16,noche,3
41,17,manana,10
41,17,tarde,3
41,17,noche,9
42,1,manana,6
42,1,tarde,8
42,1,noche,5
42,2,manana,2
42,2,tarde,7
42,2,noche,10
42,3,manana,0
42,3,tarde,1
42,3,noche,7
42,4,manana,1
42,4,tarde,3
42,4,noche,0
42,5,manana,10
42,5,tarde,2
42,5,noche,3
42,6,manana,2
42,6,tarde,1
42,6,noche,2
42,7,manana,9
42,7,tarde,8
42,7,noche,3
42,8,manana,3
42,8,tarde,8
42,8,noche,1
42,9,manana,6
42,9,tarde,7
42,9,noche,4
42,10,manana,2
42,10,tarde,3
42,10,noche,3
42,11,manana,6
42,11,tarde,2
42,11,noche,9
42,12,manana,3
42,12,tarde,4
42,12,noche,4
42,13,manana,9
42,13,tarde,7
42,13,noche,10
42,14,manana,3
42,14,tarde,4
42,14,noche,7
42,15,manana,1
42,15,tarde,5
42,15,noche,6
42,16,manana,6
42,16,tarde,2
42,16,noche,7
42,17,manana,7
42,17,tarde,6
42,17,noche,8
43,1,manana,9
43,1,tarde,6
43,1,noche,2
43,2,manana,7
43,2,tarde,0
43,2,noche,6
43,3,manana,6
43,3,tarde,1
43,3,noche,4
43,4,manana,9
43,4,tarde,8
43,4,noche,2
43,5,manana,8
43,5,tarde,2
43,5,noche,4
43,6,manana,6
43,6,tarde,7
43,6,noche,4
43,7,manana,7
43,7,tarde,4
43,7,noche,6
43,8,manana,8
43,8,tarde,9
43,8,noche,7
43,9,manana,1
43,9,tarde,5
43,9,noche,2
43,10,manana,7
43,10,tarde,3
43,10,noche,2
43,11,manana,3
43,11,tarde,0
43,11,noche,0
43,12,manana,8
43,12,tarde,5
43,12,noche,7
43,13,manana,6
43,13,tarde,6
43,13,noche,6
43,14,manana,5
43,14,tarde,6
43,14,noche,7
43,15,manana,4
43,15,tarde,10
43,15,noche,9
43,16,manana,1
43,16,tarde,6
43,16,noche,0
43,17,manana,1
43,17,tarde,6
43,17,noche,9
44,1,manana,2
44,1,tarde,3
44,1,noche,6
44,2,manana,4
44,2,tarde,5
44,2,noche,8
44,3,manana,7
44,3,tarde,10
44,3,noche,5
44,4,manana,0
44,4,tarde,10
44,4,noche,6
44,5,manana,6
44,5,tarde,3
44,5,noche,3
44,6,manana,7
44,6,tarde,0
44,6,noche,5
44,7,manana,10
44,7,tarde,10
44,7,noche,0
44,8,manana,10
44,8,tarde,10
44,8,noche,2
44,9,manana,4
44,9,tarde,9
44,9,noche,7
44,10,manana,10
44,10,tarde,2
44,10,noche,4
44,11,manana,3
44,11,tarde,9
44,11,noche,9
44,12,manana,10
44,12,tarde,2
44,12,noche,0
44,13,manana,1
44,13,tarde,1
44,13,noche,10
44,14,manana,6
44,14,tarde,6
44,14,noche,9
44,15,manana,1
44,15,tarde,8
44,15,noche,3
44,16,manana,6
44,16,tarde,2
44,16,noche,6
44,17,manana,4
44,17,tarde,4
44,17,noche,8
45,1,manana,8
45,1,tarde,10
45,1,noche,6
45,2,manana,9
45,2,tarde,4
45,2,noche,6
45,3,manana,1
45,3,tarde,1
45,3,noche,10
45,4,manana,9
45,4,tarde,5
45,4,noche,2
45,5,manana,4
45,5,tarde,3
45,5,noche,6
45,6,manana,4
45,6,tarde,0
45,6,noche,2
45,7,manana,7
45,7,tarde,0
45,7,noche,1
45,8,manana,1
45,8,tarde,6
45,8,noche,8
45,9,manana,6
45,9,tarde,10
45,9,noche,4
45,10,manana,6
45,10,tarde,2
45,10,noche,2
45,11,manana,5
45,11,tarde,2
45,11,noche,2
45,12,manana,3
45,12,tarde,7
45,12,noche,2
45,13,manana,8
45,13,tarde,1
45,13,noche,7
45,14,manana,9
45,14,tarde,3
45,14,noche,2
45,15,manana,3
45,15,tarde,0
45,15,noche,2
45,16,manana,3
45,16,tarde,4
45,16,noche,6
45,17,manana,7
45,17,tarde,10
45,17,noche,9
46,1,manana,1
46,1,tarde,10
46,1,noche,2
46,2,manana,1
46,2,tarde,4
46,2,noche,1
46,3,manana,6
46,3,tarde,1
46,3,noche,4
46,4,manana,1
46,4,tarde,5
46,4,noche,0
46,5,manana,9
46,5,tarde,3
46,5,noche,7
46,6,manana,7
46,6,tarde,10
46,6,noche,1
46,7,manana,0
46,7,tarde,0
46,7,noche,4
46,8,manana,0
46,8,tarde,10
46,8,noche,9
46,9,manana,0
46,9,tarde,1
46,9,noche,3
46,10,manana,8
46,10,tarde,0
46,10,noche,6
46,11,manana,9
46,11,tarde,8
46,11,noche,4
46,12,manana,7
46,12,tarde,7
46,12,noche,5
46,13,manana,9
46,13,tarde,6
46,13,noche,5
46,14,manana,5
46,14,tarde,10
46,14,noche,5
46,15,manana,5
46,15,tarde,3
46,15,noche,5
46,16,manana,10
46,16,tarde,6
46,16,noche,6
46,17,manana,9
46,17,tarde,0
46,17,noche,5
47,1,manana,5
47,1,tarde,1
47,1,noche,0
47,2,manana,7
47,2,tarde,6
47,2,noche,2
47,3,manana,0
47,3,tarde,9
47,3,noche,1
47,4,manana,8
47,4,tarde,4
47,4,noche,3
47,5,manana,5
47,5,tarde,7
47,5,noche,9
47,6,manana,10
47,6,tarde,10
47,6,noche,7
47,7,manana,8
47,7,tarde,6
47,7,noche,10
47,8,manana,3
47,8,tarde,0
47,8,noche,10
47,9,manana,5
47,9,tarde,0
47,9,noche,10
47,10,manana,5
47,10,tarde,0
47,10,noche,5
47,11,manana,10
47,11,tarde,7
47,11,noche,3
47,12,manana,9
47,12,tarde,7
47,12,noche,6
47,13,manana,9
47,13,tarde,1
47,13,noche,5
47,14,manana,6
47,14,tarde,7
47,14,noche,10
47,15,manana,1
47,15,tarde,6
47,15,noche,4
47,16,manana,9
47,16,tarde,3
47,16,noche,2
47,17,manana,8
47,17,tarde,9
47,17,noche,8
48,1,manana,0
48,1,tarde,2
48,1,noche,7
48,2,manana,1
48,2,tarde,4
48,2,noche,10
48,3,manana,8
48,3,tarde,7
48,3,noche,2
48,4,manana,7
48,4,tarde,1
48,4,noche,7
48,5,manana,10
48,5,tarde,8
48,5,noche,3
48,6,manana,3
48,6,tarde,3
48,6,noche,2
48,7,manana,10
48,7,tarde,1
48,7,noche,1
48,8,manana,6
48,8,tarde,0
48,8,noche,2
48,9,manana,5
48,9,tarde,6
48,9,noche,4
48,10,manana,3
48,10,tarde,4
48,10,noche,10
48,11,manana,7
48,11,tarde,10
48,11,noche,1
48,12,manana,10
48,12,tarde,2
48,12,noche,8
48,13,manana,10
48,13,tarde,7
48,13,noche,1
48,14,manana,5
48,14,tarde,3
48,14,noche,9
48,15,manana,9
48,15,tarde,1
48,15,noche,10
48,16,manana,5
48,16,tarde,6
48,16,noche,6
48,17,manana,10
48,17,tarde,10
48,17,noche,8
49,1,manana,6
49,1,tarde,3
49,1,noche,3
49,2,manana,4
49,2,tarde,1
49,2,noche,4
49,3,manana,1
49,3,tarde,1
49,3,noche,1
49,4,manana,5
49,4,tarde,9
49,4,noche,3
49,5,manana,1
49,5,tarde,9
49,5,noche,5
49,6,manana,2
49,6,tarde,5
49,6,noche,6
49,7,manana,9
49,7,tarde,0
49,7,noche,4
49,8,manana,0
49,8,tarde,9
49,8,noche,8
49,9,manana,3
49,9,tarde,6
49,9,noche,6
49,10,manana,5
49,10,tarde,5
49,10,noche,10
49,11,manana,2
49,11,tarde,8
49,11,noche,10
49,12,manana,9
49,12,tarde,9
49,12,noche,3
49,13,manana,1
49,13,tarde,6
49,13,noche,0
49,14,manana,8
49,14,tarde,7
49,14,noche,5
49,15,manana,2
49,15,tarde,4
49,15,noche,3
49,16,manana,7
49,16,tarde,10
49,16,noche,7
49,17,manana,2
49,17,tarde,9
49,17,noche,4
50,1,manana,2
50,1,tarde,10
50,1,noche,0
50,2,manana,9
50,2,tarde,5
50,2,noche,4
50,3,manana,8
50,3,tarde,1
50,3,noche,4
50,4,manana,9
50,4,tarde,7
50,4,noche,10
50,5,manana,3
50,5,tarde,7
50,5,noche,4
50,6,manana,6
50,6,tarde,0
50,6,noche,5
50,7,manana,2
50,7,tarde,3
50,7,noche,3
50,8,manana,0
50,8,tarde,2
50,8,noche,7
50,9,manana,6
50,9,tarde,4
50,9,noche,10
50,10,manana,2
50,10,tarde,0
50,10,noche,8
50,11,manana,6
50,11,tarde,5
50,11,noche,6
50,12,manana,10
50,12,tarde,7
50,12,noche,5
50,13,manana,6
50,13,tarde,6
50,13,noche,1
50,14,manana,8
50,14,tarde,4
50,14,noche,4
50,15,manana,3
50,15,tarde,8
50,15,noche,6
50,16,manana,1
50,16,tarde,2
50,16,noche,5
50,17,manana,9
50,17,tarde,0
50,17,noche,4
51,1,manana,7
51,1,tarde,10
51,1,noche,2
51,2,manana,9
51,2,tarde,2
51,2,noche,7
51,3,manana,7
51,3,tarde,4
51,3,noche,2
51,4,manana,3
51,4,tarde,3
51,4,noche,3
51,5,manana,10
51,5,tarde,0
51,5,noche,5
51,6,manana,9
51,6,tarde,1
51,6,noche,10
51,7,manana,2
51,7,tarde,6
51,7,noche,6
51,8,manana,10
51,8,tarde,2
51,8,noche,0
51,9,manana,1
51,9,tarde,5
51,9,noche,7
51,10,manana,2
51,10,tarde,0
51,10,noche,1
51,11,manana,8
51,11,tarde,10
51,11,noche,5
51,12,manana,9
51,12,tarde,6
51,12,noche,2
51,13,manana,10
51,13,tarde,6
51,13,noche,3
51,14,manana,0
51,14,tarde,1
51,14,noche,3
51,15,manana,6
51,15,tarde,7
51,15,noche,4
51,16,manana,9
51,16,tarde,2
51,16,noche,10
51,17,manana,6
51,17,tarde,10
51,17,noche,10
52,1,manana,1
52,1,tarde,7
52,1,noche,10
52,2,manana,6
52,2,tarde,4
52,2,noche,10
52,3,manana,10
52,3,tarde,7
52,3,noche,5
52,4,manana,0
52,4,tarde,1
52,4,noche,1
52,5,manana,1
52,5,tarde,1
52,5,noche,7
52,6,manana,10
52,6,tarde,10
52,6,noche,8
52,7,manana,3
52,7,tarde,0
52,7,noche,9
52,8,manana,9
52,8,tarde,9
52,8,noche,7
52,9,manana,4
52,9,tarde,1
52,9,noche,9
52,10,manana,2
52,10,tarde,6
52,10,noche,7
52,11,manana,10
52,11,tarde,6
52,11,noche,4
52,12,manana,9
52,12,tarde,2
52,12,noche,1
52,13,manana,5
52,13,tarde,1
52,13,noche,8
52,14,manana,2
52,14,tarde,6
52,14,noche,0
52,15,manana,6
52,15,tarde,8
52,15,noche,8
52,16,manana,8
52,16,tarde,7
52,16,noche,1
52,17,manana,8
52,17,tarde,9
52,17,noche,8
