trabajador,dia,turno,disposicion
1,1,manana,4
1,1,tarde,4
1,1,noche,3
1,2,manana,0
1,2,tarde,10
1,2,noche,9
1,3,manana,6
1,3,tarde,3
1,3,noche,4
1,4,manana,10
1,4,tarde,8
1,4,noche,0
1,5,manana,7
1,5,tarde,9
1,5,noche,7
1,6,manana,0
1,6,tarde,5
1,6,noche,0
1,7,manana,9
1,7,tarde,7
1,7,noche,5
1,8,manana,4
1,8,tarde,5
1,8,noche,1
1,9,manana,0
1,9,tarde,5
1,9,noche,2
1,10,manana,6
1,10,tarde,5
1,10,noche,0
1,11,manana,1
1,11,tarde,6
1,11,noche,7
1,12,manana,3
1,12,tarde,1
1,12,noche,8
1,13,manana,8
1,13,tarde,2
1,13,noche,6
1,14,manana,1
1,14,tarde,7
1,14,noche,0
1,15,manana,2
1,15,tarde,10
1,15,noche,4
1,16,manana,3
1,16,tarde,7
1,16,noche,6
1,17,manana,5
1,17,tarde,4
1,17,noche,5
1,18,manana,6
1,18,tarde,2
1,18,noche,8
2,1,manana,4
2,1,tarde,1
2,1,noche,7
2,2,manana,10
2,2,tarde,7
2,2,noche,2
2,3,manana,2
2,3,tarde,5
2,3,noche,6
2,4,manana,0
2,4,tarde,5
2,4,noche,3
2,5,manana,1
2,5,tarde,3
2,5,noche,4
2,6,manana,0
2,6,tarde,2
2,6,noche,6
2,7,manana,6
2,7,tarde,5
2,7,noche,0
2,8,manana,2
2,8,tarde,10
2,8,noche,3
2,9,manana,7
2,9,tarde,10
2,9,noche,4
2,10,manana,1
2,10,tarde,6
2,10,noche,7
2,11,manana,8
2,11,tarde,7
2,11,noche,10
2,12,manana,2
2,12,tarde,5
2,12,noche,6
2,13,manana,8
2,13,tarde,6
2,13,noche,2
2,14,manana,1
2,14,tarde,1
2,14,noche,0
2,15,manana,2
2,15,tarde,2
2,15,noche,5
2,16,manana,8
2,16,tarde,0
2,16,noche,10
2,17,manana,3
2,17,tarde,0
2,17,noche,10
2,18,manana,5
2,18,tarde,6
2,18,noche,9
3,1,manana,0
3,1,tarde,6
3,1,noche,7
3,2,manana,4
3,2,tarde,4
3,2,noche,7
3,3,manana,1
3,3,tarde,6
3,3,noche,3
3,4,manana,9
3,4,tarde,2
3,4,noche,8
3,5,manana,2
3,5,tarde,3
3,5,noche,4
3,6,manana,1
3,6,tarde,4
3,6,noche,3
3,7,manana,10
3,7,tarde,6
3,7,noche,3
3,8,manana,7
3,8,tarde,1
3,8,noche,8
3,9,manana,9
3,9,tarde,2
3,9,noche,3
3,10,manana,9
3,10,tarde,10
3,10,noche,10
3,11,manana,2
3,11,tarde,3
3,11,noche,1
3,12,manana,2
3,12,tarde,6
3,12,noche,0
3,13,manana,4
3,13,tarde,3
3,13,noche,2
3,14,manana,6
3,14,tarde,0
3,14,noche,9
3,15,manana,3
3,15,tarde,1
3,15,noche,0
3,16,manana,6
3,16,tarde,6
3,16,noche,8
3,17,manana,4
3,17,tarde,10
3,17,noche,3
3,18,manana,3
3,18,tarde,5
3,18,noche,6
4,1,manana,7
4,1,tarde,0
4,1,noche,8
4,2,manana,6
4,2,tarde,10
4,2,noche,0
4,3,manana,4
4,3,tarde,1
4,3,noche,4
4,4,manana,5
4,4,tarde,4
4,4,noche,5
4,5,manana,6
4,5,tarde,3
4,5,noche,5
4,6,manana,0
4,6,tarde,2
4,6,noche,0
4,7,manana,0
4,7,tarde,0
4,7,noche,10
4,8,manana,5
4,8,tarde,3
4,8,noche,4
4,9,manana,7
4,9,tarde,4
4,9,noche,9
4,10,manana,1
4,10,tarde,6
4,10,noche,2
4,11,manana,4
4,11,tarde,7
4,11,noche,5
4,12,manana,5
4,12,tarde,4
4,12,noche,1
4,13,manana,1
4,13,tarde,10
4,13,noche,0
4,14,manana,10
4,14,tarde,8
4,14,noche,2
4,15,manana,5
4,15,tarde,5
4,15,noche,5
4,16,manana,9
4,16,tarde,8
4,16,noche,9
4,17,manana,5
4,17,tarde,3
4,17,noche,10
4,18,manana,4
4,18,tarde,3
4,18,noche,9
5,1,manana,6
5,1,tarde,1
5,1,noche,1
5,2,manana,2
5,2,tarde,10
5,2,noche,9
5,3,manana,1
5,3,tarde,0
5,3,noche,9
5,4,manana,10
5,4,tarde,3
5,4,noche,3
5,5,manana,7
5,5,tarde,1
5,5,noche,1
5,6,manana,8
5,6,tarde,9
5,6,noche,5
5,7,manana,4
5,7,tarde,7
5,7,noche,3
5,8,manana,8
5,8,tarde,2
5,8,noche,0
5,9,manana,2
5,9,tarde,3
5,9,noche,6
5,10,manana,8
5,10,tarde,4
5,10,noche,8
5,11,manana,5
5,11,tarde,5
5,11,noche,7
5,12,manana,10
5,12,tarde,1
5,12,noche,6
5,13,manana,1
5,13,tarde,7
5,13,noche,6
5,14,manana,8
5,14,tarde,8
5,14,noche,0
5,15,manana,2
5,15,tarde,9
5,15,noche,4
5,16,manana,2
5,16,tarde,4
5,16,noche,0
5,17,manana,9
5,17,tarde,0
5,17,noche,3
5,18,manana,6
5,18,tarde,7
5,18,noche,10
6,1,manana,8
6,1,tarde,8
6,1,noche,1
6,2,manana,2
6,2,tarde,7
6,2,noche,8
6,3,manana,6
6,3,tarde,8
6,3,noche,6
6,4,manana,6
6,4,tarde,9
6,4,noche,4
6,5,manana,3
6,5,tarde,2
6,5,noche,0
6,6,manana,2
6,6,tarde,9
6,6,noche,3
6,7,manana,9
6,7,tarde,0
6,7,noche,8
6,8,manana,7
6,8,tarde,8
6,8,noche,8
6,9,manana,4
6,9,tarde,4
6,9,noche,3
6,10,manana,4
6,10,tarde,4
6,10,noche,8
6,11,manana,1
6,11,tarde,2
6,11,noche,3
6,12,manana,0
6,12,tarde,8
6,12,noche,3
6,13,manana,4
6,13,tarde,0
6,13,noche,10
6,14,manana,2
6,14,tarde,4
6,14,noche,2
6,15,manana,4
6,15,tarde,0
6,15,noche,10
6,16,manana,3
6,16,tarde,3
6,16,noche,8
6,17,manana,1
6,17,tarde,0
6,17,noche,10
6,18,manana,5
6,18,tarde,10
6,18,noche,9
7,1,manana,5
7,1,tarde,5
7,1,noche,1
7,2,manana,8
7,2,tarde,4
7,2,noche,2
7,3,manana,6
7,3,tarde,9
7,3,noche,4
7,4,manana,5
7,4,tarde,0
7,4,noche,10
7,5,manana,0
7,5,tarde,5
7,5,noche,3
7,6,manana,4
7,6,tarde,2
7,6,noche,4
7,7,manana,0
7,7,tarde,8
7,7,noche,10
7,8,manana,9
7,8,tarde,1
7,8,noche,6
7,9,manana,10
7,9,tarde,4
7,9,noche,10
7,10,manana,10
7,10,tarde,9
7,10,noche,8
7,11,manana,3
7,11,tarde,7
7,11,noche,3
7,12,manana,5
7,12,tarde,4
7,12,noche,3
7,13,manana,9
7,13,tarde,10
7,13,noche,6
7,14,manana,2
7,14,tarde,7
7,14,noche,3
7,15,manana,6
7,15,tarde,5
7,15,noche,2
7,16,manana,7
7,16,tarde,1
7,16,noche,7
7,17,manana,2
7,17,tarde,7
7,17,noche,2
7,18,manana,2
7,18,tarde,3
7,18,noche,9
8,1,manana,7
8,1,tarde,2
8,1,noche,10
8,2,manana,4
8,2,tarde,0
8,2,noche,4
8,3,manana,2
8,3,tarde,2
8,3,noche,6
8,4,manana,10
8,4,tarde,9
8,4,noche,3
8,5,manana,1
8,5,tarde,2
8,5,noche,1
8,6,manana,6
8,6,tarde,3
8,6,noche,7
8,7,manana,10
8,7,tarde,6
8,7,noche,1
8,8,manana,8
8,8,tarde,2
8,8,noche,0
8,9,manana,9
8,9,tarde,1
8,9,noche,6
8,10,manana,6
8,10,tarde,0
8,10,noche,1
8,11,manana,0
8,11,tarde,10
8,11,noche,0
8,12,manana,2
8,12,tarde,3
8,12,noche,1
8,13,manana,4
8,13,tarde,2
8,13,noche,10
8,14,manana,9
8,14,tarde,0
8,14,noche,0
8,15,manana,1
8,15,tarde,8
8,15,noche,5
8,16,manana,1
8,16,tarde,3
8,16,noche,2
8,17,manana,7
8,17,tarde,9
8,17,noche,7
8,18,manana,2
8,18,tarde,4
8,18,noche,5
9,1,manana,7
9,1,tarde,2
9,1,noche,3
9,2,manana,0
9,2,tarde,8
9,2,noche,4
9,3,manana,10
9,3,tarde,8
9,3,noche,1
9,4,manana,0
9,4,tarde,0
9,4,noche,1
9,5,manana,8
9,5,tarde,4
9,5,noche,1
9,6,manana,8
9,6,tarde,6
9,6,noche,2
9,7,manana,0
9,7,tarde,3
9,7,noche,0
9,8,manana,3
9,8,tarde,6
9,8,noche,6
9,9,manana,2
9,9,tarde,5
9,9,noche,10
9,10,manana,4
9,10,tarde,3
9,10,noche,10
9,11,manana,6
9,11,tarde,10
9,11,noche,1
9,12,manana,7
9,12,tarde,2
9,12,noche,1
9,13,manana,3
9,13,tarde,1
9,13,noche,4
9,14,manana,5
9,14,tarde,1
9,14,noche,9
9,15,manana,5
9,15,tarde,1
9,15,noche,5
9,16,manana,1
9,16,tarde,0
9,16,noche,9
9,17,manana,2
9,17,tarde,2
9,17,noche,6
9,18,manana,8
9,18,tarde,5
9,18,noche,9
10,1,manana,2
10,1,tarde,10
10,1,noche,6
10,2,manana,2
10,2,tarde,10
10,2,noche,10
10,3,manana,4
10,3,tarde,9
10,3,noche,4
10,4,manana,5
10,4,tarde,1
10,4,noche,4
10,5,manana,7
10,5,tarde,10
10,5,noche,5
10,6,manana,4
10,6,tarde,1
10,6,noche,0
10,7,manana,2
10,7,tarde,10
10,7,noche,2
10,8,manana,5
10,8,tarde,2
10,8,noche,6
10,9,manana,7
10,9,tarde,7
10,9,noche,1
10,10,manana,1
10,10,tarde,9
10,10,noche,6
10,11,manana,4
10,11,tarde,2
10,11,noche,1
10,12,manana,5
10,12,tarde,2
10,12,noche,2
10,13,manana,6
10,13,tarde,5
10,13,noche,5
10,14,manana,7
10,14,tarde,6
10,14,noche,7
10,15,manana,6
10,15,tarde,9
10,15,noche,10
10,16,manana,5
10,16,tarde,2
10,16,noche,10
10,17,manana,3
10,17,tarde,6
10,17,noche,6
10,18,manana,8
10,18,tarde,7
10,18,noche,8
11,1,manana,8
11,1,tarde,7
11,1,noche,8
11,2,manana,8
11,2,tarde,3
11,2,noche,6
11,3,manana,1
11,3,tarde,9
11,3,noche,6
11,4,manana,8
11,4,tarde,9
11,4,noche,3
11,5,manana,1
11,5,tarde,3
11,5,noche,5
11,6,manana,0
11,6,tarde,3
11,6,noche,0
11,7,manana,5
11,7,tarde,8
11,7,noche,7
11,8,manana,2
11,8,tarde,1
11,8,noche,0
11,9,manana,5
11,9,tarde,5
11,9,noche,2
11,10,manana,4
11,10,tarde,7
11,10,noche,2
11,11,manana,8
11,11,tarde,6
11,11,noche,3
11,12,manana,3
11,12,tarde,3
11,12,noche,0
11,13,manana,2
11,13,tarde,1
11,13,noche,2
11,14,manana,6
11,14,tarde,0
11,14,noche,6
11,15,manana,5
11,15,tarde,0
11,15,noche,1
11,16,manana,10
11,16,tarde,9
11,16,noche,1
11,17,manana,7
11,17,tarde,9
11,17,noche,2
11,18,manana,0
11,18,tarde,2
11,18,noche,5
12,1,manana,2
12,1,tarde,1
12,1,noche,3
12,2,manana,1
12,2,tarde,0
12,2,noche,9
12,3,manana,6
12,3,tarde,2
12,3,noche,2
12,4,manana,7
12,4,tarde,2
12,4,noche,8
12,5,manana,4
12,5,tarde,7
12,5,noche,6
12,6,manana,5
12,6,tarde,7
12,6,noche,10
12,7,manana,0
12,7,tarde,4
12,7,noche,1
12,8,manana,2
12,8,tarde,0
12,8,noche,10
12,9,manana,0
12,9,tarde,9
12,9,noche,2
12,10,manana,8
12,10,tarde,2
12,10,noche,0
12,11,manana,6
12,11,tarde,6
12,11,noche,10
12,12,manana,7
12,12,tarde,8
12,12,noche,4
12,13,manana,9
12,13,tarde,8
12,13,noche,4
12,14,manana,3
12,14,tarde,6
12,14,noche,2
12,15,manana,4
12,15,tarde,1
12,15,noche,8
12,16,manana,6
12,16,tarde,2
12,16,noche,3
12,17,manana,6
12,17,tarde,9
12,17,noche,0
12,18,manana,3
12,18,tarde,6
12,18,noche,2
13,1,manana,8
13,1,tarde,9
13,1,noche,1
13,2,manana,7
13,2,tarde,7
13,2,noche,5
13,3,manana,10
13,3,tarde,10
13,3,noche,6
13,4,manana,6
13,4,tarde,2
13,4,noche,0
13,5,manana,5
13,5,tarde,10
13,5,noche,6
13,6,manana,3
13,6,tarde,4
13,6,noche,1
13,7,manana,1
13,7,tarde,1
13,7,noche,5
13,8,manana,9
13,8,tarde,5
13,8,noche,0
13,9,manana,3
13,9,tarde,4
13,9,noche,2
13,10,manana,8
13,10,tarde,1
13,10,noche,1
13,11,manana,3
13,11,tarde,9
13,11,noche,0
13,12,manana,4
13,12,tarde,3
13,12,noche,8
13,13,manana,3
13,13,tarde,10
13,13,noche,0
13,14,manana,3
13,14,tarde,4
13,14,noche,1
13,15,manana,9
13,15,tarde,9
13,15,noche,0
13,16,manana,9
13,16,tarde,7
13,16,noche,0
13,17,manana,0
13,17,tarde,5
13,17,noche,1
13,18,manana,4
13,18,tarde,0
13,18,noche,5
14,1,manana,4
14,1,tarde,6
14,1,noche,8
14,2,manana,3
14,2,tarde,5
14,2,noche,6
14,3,manana,5
14,3,tarde,2
14,3,noche,10
14,4,manana,1
14,4,tarde,5
14,4,noche,6
14,5,manana,8
14,5,tarde,1
14,5,noche,8
14,6,manana,2
14,6,tarde,0
14,6,noche,9
14,7,manana,6
14,7,tarde,7
14,7,noche,9
14,8,manana,0
14,8,tarde,4
14,8,noche,2
14,9,manana,2
14,9,tarde,10
14,9,noche,7
14,10,manana,1
14,10,tarde,10
14,10,noche,1
14,11,manana,3
14,11,tarde,3
14,11,noche,10
14,12,manana,10
14,12,tarde,2
14,12,noche,2
14,13,manana,8
14,13,tarde,8
14,13,noche,9
14,14,manana,10
14,14,tarde,8
14,14,noche,5
14,15,manana,7
14,15,tarde,2
14,15,noche,5
14,16,manana,4
14,16,tarde,5
14,16,noche,9
14,17,manana,6
14,17,tarde,0
14,17,noche,10
14,18,manana,6
14,18,tarde,3
14,18,noche,3
15,1,manana,9
15,1,tarde,9
15,1,noche,1
15,2,manana,2
15,2,tarde,9
15,2,noche,10
15,3,manana,7
15,3,tarde,1
15,3,noche,0
15,4,manana,2
15,4,tarde,4
15,4,noche,8
15,5,manana,1
15,5,tarde,7
15,5,noche,1
15,6,manana,7
15,6,tarde,5
15,6,noche,2
15,7,manana,4
15,7,tarde,2
15,7,noche,1
15,8,manana,4
15,8,tarde,9
15,8,noche,5
15,9,manana,5
15,9,tarde,1
15,9,noche,1
15,10,manana,2
15,10,tarde,7
15,10,noche,4
15,11,manana,7
15,11,tarde,4
15,11,noche,7
15,12,manana,10
15,12,tarde,2
15,12,noche,1
15,13,manana,9
15,13,tarde,7
15,13,noche,0
15,14,manana,5
15,14,tarde,4
15,14,noche,6
15,15,manana,6
15,15,tarde,9
15,15,noche,10
15,16,manana,2
15,16,tarde,7
15,16,noche,5
15,17,manana,8
15,17,tarde,9
15,17,noche,5
15,18,manana,5
15,18,tarde,1
15,18,noche,10
16,1,manana,6
16,1,tarde,8
16,1,noche,7
16,2,manana,4
16,2,tarde,10
16,2,noche,0
16,3,manana,9
16,3,tarde,10
16,3,noche,0
16,4,manana,3
16,4,tarde,8
16,4,noche,0
16,5,manana,2
16,5,tarde,1
16,5,noche,4
16,6,manana,6
16,6,tarde,2
16,6,noche,9
16,7,manana,6
16,7,tarde,1
16,7,noche,3
16,8,manana,6
16,8,tarde,7
16,8,noche,10
16,9,manana,1
16,9,tarde,5
16,9,noche,7
16,10,manana,7
16,10,tarde,10
16,10,noche,8
16,11,manana,7
16,11,tarde,1
16,11,noche,1
16,12,manana,2
16,12,tarde,1
16,12,noche,6
16,13,manana,6
16,13,tarde,3
16,13,noche,6
16,14,manana,5
16,14,tarde,1
16,14,noche,5
16,15,manana,5
16,15,tarde,9
16,15,noche,7
16,16,manana,3
16,16,tarde,7
16,16,noche,1
16,17,manana,4
16,17,tarde,7
16,17,noche,0
16,18,manana,8
16,18,tarde,2
16,18,noche,7
17,1,manana,2
17,1,tarde,10
17,1,noche,3
17,2,manana,5
17,2,tarde,9
17,2,noche,0
17,3,manana,9
17,3,tarde,6
17,3,noche,0
17,4,manana,5
17,4,tarde,6
17,4,noche,7
17,5,manana,3
17,5,tarde,0
17,5,noche,3
17,6,manana,0
17,6,tarde,10
17,6,noche,6
17,7,manana,4
17,7,tarde,4
17,7,noche,10
17,8,manana,2
17,8,tarde,1
17,8,noche,2
17,9,manana,1
17,9,tarde,4
17,9,noche,6
17,10,manana,1
17,10,tarde,4
17,10,noche,7
17,11,manana,6
17,11,tarde,8
17,11,noche,3
17,12,manana,10
17,12,tarde,4
17,12,noche,2
17,13,manana,0
17,13,tarde,1
17,13,noche,6
17,14,manana,5
17,14,tarde,4
17,14,noche,2
17,15,manana,3
17,15,tarde,5
17,15,noche,6
17,16,manana,7
17,16,tarde,7
17,16,noche,8
17,17,manana,2
17,17,tarde,6
17,17,noche,5
17,18,manana,9
17,18,tarde,6
17,18,noche,0
18,1,manana,8
18,1,tarde,9
18,1,noche,3
18,2,manana,1
18,2,tarde,10
18,2,noche,9
18,3,manana,9
18,3,tarde,2
18,3,noche,5
18,4,manana,10
18,4,tarde,5
18,4,noche,0
18,5,manana,2
18,5,tarde,7
18,5,noche,2
18,6,manana,7
18,6,tarde,5
18,6,noche,1
18,7,manana,10
18,7,tarde,6
18,7,noche,4
18,8,manana,8
18,8,tarde,0
18,8,noche,7
18,9,manana,2
18,9,tarde,10
18,9,noche,7
18,10,manana,10
18,10,tarde,9
18,10,noche,1
18,11,manana,0
18,11,tarde,3
18,11,noche,3
18,12,manana,6
18,12,tarde,8
18,12,noche,2
18,13,manana,9
18,13,tarde,6
18,13,noche,3
18,14,manana,5
18,14,tarde,3
18,14,noche,3
18,15,manana,10
18,15,tarde,9
18,15,noche,0
18,16,manana,5
18,16,tarde,5
18,16,noche,0
18,17,manana,4
18,17,tarde,4
18,17,noche,8
18,18,manana,1
18,18,tarde,7
18,18,noche,10
19,1,manana,7
19,1,tarde,6
19,1,noche,6
19,2,manana,5
19,2,tarde,5
19,2,noche,8
19,3,manana,6
19,3,tarde,8
19,3,noche,5
19,4,manana,1
19,4,tarde,2
19,4,noche,7
19,5,manana,6
19,5,tarde,5
19,5,noche,2
19,6,manana,8
19,6,tarde,9
19,6,noche,2
19,7,manana,8
19,7,tarde,6
19,7,noche,6
19,8,manana,4
19,8,tarde,10
19,8,noche,10
19,9,manana,6
19,9,tarde,10
19,9,noche,4
19,10,manana,9
19,10,tarde,1
19,10,noche,1
19,11,manana,1
19,11,tarde,1
19,11,noche,10
19,12,manana,0
19,12,tarde,9
19,12,noche,6
19,13,manana,1
19,13,tarde,7
19,13,noche,9
19,14,manana,8
19,14,tarde,1
19,14,noche,10
19,15,manana,7
19,15,tarde,8
19,15,noche,9
19,16,manana,0
19,16,tarde,10
19,16,noche,4
19,17,manana,6
19,17,tarde,3
19,17,noche,3
19,18,manana,7
19,18,tarde,8
19,18,noche,6
20,1,manana,1
20,1,tarde,3
20,1,noche,7
20,2,manana,1
20,2,tarde,5
20,2,noche,7
20,3,manana,6
20,3,tarde,10
20,3,noche,6
20,4,manana,0
20,4,tarde,5
20,4,noche,3
20,5,manana,8
20,5,tarde,4
20,5,noche,4
20,6,manana,10
20,6,tarde,4
20,6,noche,4
20,7,manana,6
20,7,tarde,10
20,7,noche,3
20,8,manana,0
20,8,tarde,6
20,8,noche,0
20,9,manana,0
20,9,tarde,0
20,9,noche,2
20,10,manana,5
20,10,tarde,8
20,10,noche,9
20,11,manana,5
20,11,tarde,5
20,11,noche,2
20,12,manana,9
20,12,tarde,6
20,12,noche,3
20,13,manana,8
20,13,tarde,6
20,13,noche,3
20,14,manana,9
20,14,tarde,10
20,14,noche,6
20,15,manana,0
20,15,tarde,9
20,15,noche,6
20,16,manana,2
20,16,tarde,10
20,16,noche,6
20,17,manana,2
20,17,tarde,6
20,17,noche,5
20,18,manana,8
20,18,tarde,2
20,18,noche,6
21,1,manana,3
21,1,tarde,1
21,1,noche,2
21,2,manana,8
21,2,tarde,1
21,2,noche,10
21,3,manana,9
21,3,tarde,6
21,3,noche,10
21,4,manana,4
21,4,tarde,8
21,4,noche,2
21,5,manana,5
21,5,tarde,3
21,5,noche,1
21,6,manana,1
21,6,tarde,0
21,6,noche,6
21,7,manana,0
21,7,tarde,10
21,7,noche,9
21,8,manana,2
21,8,tarde,0
21,8,noche,9
21,9,manana,8
21,9,tarde,1
21,9,noche,9
21,10,manana,6
21,10,tarde,0
21,10,noche,2
21,11,manana,7
21,11,tarde,10
21,11,noche,10
21,12,manana,5
21,12,tarde,2
21,12,noche,3
21,13,manana,10
21,13,tarde,3
21,13,noche,4
21,14,manana,3
21,14,tarde,8
21,14,noche,3
21,15,manana,6
21,15,tarde,4
21,15,noche,10
21,16,manana,0
21,16,tarde,4
21,16,noche,1
21,17,manana,2
21,17,tarde,10
21,17,noche,0
21,18,manana,10
21,18,tarde,9
21,18,noche,1
22,1,manana,1
22,1,tarde,7
22,1,noche,9
22,2,manana,1
22,2,tarde,1
22,2,noche,2
22,3,manana,4
22,3,tarde,4
22,3,noche,2
22,4,manana,1
22,4,tarde,1
22,4,noche,7
22,5,manana,5
22,5,tarde,3
22,5,noche,6
22,6,manana,1
22,6,tarde,7
22,6,noche,0
22,7,manana,6
22,7,tarde,1
22,7,noche,7
22,8,manana,10
22,8,tarde,1
22,8,noche,3
22,9,manana,10
22,9,tarde,6
22,9,noche,6
22,10,manana,5
22,10,tarde,10
22,10,noche,7
22,11,manana,2
22,11,tarde,2
22,11,noche,4
22,12,manana,0
22,12,tarde,2
22,12,noche,10
22,13,manana,9
22,13,tarde,10
22,13,noche,9
22,14,manana,0
22,14,tarde,1
22,14,noche,5
22,15,manana,5
22,15,tarde,7
22,15,noche,9
22,16,manana,9
22,16,tarde,8
22,16,noche,0
22,17,manana,2
22,17,tarde,8
22,17,noche,4
22,18,manana,1
22,18,tarde,3
22,18,noche,9
23,1,manana,0
23,1,tarde,8
23,1,noche,0
23,2,manana,8
23,2,tarde,8
23,2,noche,2
23,3,manana,3
23,3,tarde,5
23,3,noche,1
23,4,manana,3
23,4,tarde,0
23,4,noche,5
23,5,manana,2
23,5,tarde,3
23,5,noche,1
23,6,manana,2
23,6,tarde,4
23,6,noche,4
23,7,manana,7
23,7,tarde,3
23,7,noche,1
23,8,manana,5
23,8,tarde,8
23,8,noche,10
23,9,manana,4
23,9,tarde,7
23,9,noche,7
23,10,manana,6
23,10,tarde,8
23,10,noche,6
23,11,manana,3
23,11,tarde,4
23,11,noche,2
23,12,manana,3
23,12,tarde,10
23,12,noche,4
23,13,manana,6
23,13,tarde,1
23,13,noche,9
23,14,manana,9
23,14,tarde,4
23,14,noche,2
23,15,manana,3
23,15,tarde,7
23,15,noche,6
23,16,manana,7
23,16,tarde,6
23,16,noche,9
23,17,manana,4
23,17,tarde,5
23,17,noche,9
23,18,manana,1
23,18,tarde,9
23,18,noche,6
24,1,manana,6
24,1,tarde,3
24,1,noche,9
24,2,manana,5
24,2,tarde,5
24,2,noche,10
24,3,manana,1
24,3,tarde,7
24,3,noche,2
24,4,manana,0
24,4,tarde,8
24,4,noche,4
24,5,manana,9
24,5,tarde,6
24,5,noche,4
24,6,manana,9
24,6,tarde,10
24,6,noche,8
24,7,manana,5
24,7,tarde,6
24,7,noche,0
24,8,manana,1
24,8,tarde,2
24,8,noche,5
24,9,manana,6
24,9,tarde,2
24,9,noche,5
24,10,manana,3
24,10,tarde,1
24,10,noche,3
24,11,manana,10
24,11,tarde,5
24,11,noche,5
24,12,manana,2
24,12,tarde,5
24,12,noche,1
24,13,manana,0
24,13,tarde,5
24,13,noche,0
24,14,manana,5
24,14,tarde,3
24,14,noche,7
24,15,manana,9
24,15,tarde,5
24,15,noche,3
24,16,manana,8
24,16,tarde,1
24,16,noche,6
24,17,manana,4
24,17,tarde,9
24,17,noche,3
24,18,manana,8
24,18,tarde,3
24,18,noche,1
25,1,manana,8
25,1,tarde,4
25,1,noche,9
25,2,manana,10
25,2,tarde,1
25,2,noche,9
25,3,manana,10
25,3,tarde,6
25,3,noche,10
25,4,manana,6
25,4,tarde,5
25,4,noche,5
25,5,manana,3
25,5,tarde,3
25,5,noche,0
25,6,manana,7
25,6,tarde,7
25,6,noche,0
25,7,manana,4
25,7,tarde,6
25,7,noche,1
25,8,manana,1
25,8,tarde,7
25,8,noche,2
25,9,manana,9
25,9,tarde,5
25,9,noche,9
25,10,manana,6
25,10,tarde,3
25,10,noche,9
25,11,manana,0
25,11,tarde,4
25,11,noche,0
25,12,manana,10
25,12,tarde,9
25,12,noche,0
25,13,manana,7
25,13,tarde,4
25,13,noche,2
25,14,manana,6
25,14,tarde,0
25,14,noche,8
25,15,manana,8
25,15,tarde,0
25,15,noche,5
25,16,manana,10
25,16,tarde,0
25,16,noche,1
25,17,manana,7
25,17,tarde,1
25,17,noche,6
25,18,manana,4
25,18,tarde,4
25,18,noche,5
26,1,manana,5
26,1,tarde,6
26,1,noche,1
26,2,manana,8
26,2,tarde,5
26,2,noche,7
26,3,manana,9
26,3,tarde,0
26,3,noche,6
26,4,manana,4
26,4,tarde,7
26,4,noche,7
26,5,manana,10
26,5,tarde,1
26,5,noche,5
26,6,manana,9
26,6,tarde,1
26,6,noche,0
26,7,manana,3
26,7,tarde,0
26,7,noche,0
26,8,manana,2
26,8,tarde,1
26,8,noche,5
26,9,manana,6
26,9,tarde,3
26,9,noche,2
26,10,manana,1
26,10,tarde,3
26,10,noche,5
26,11,manana,8
26,11,tarde,0
26,11,noche,0
26,12,manana,4
26,12,tarde,0
26,12,noche,1
26,13,manana,0
26,13,tarde,4
26,13,noche,1
26,14,manana,4
26,14,tarde,5
26,14,noche,9
26,15,manana,6
26,15,tarde,4
26,15,noche,2
26,16,manana,2
26,16,tarde,9
26,16,noche,7
26,17,manana,1
26,17,tarde,2
26,17,noche,5
26,18,manana,2
26,18,tarde,9
26,18,noche,6
27,1,manana,10
27,1,tarde,7
27,1,noche,10
27,2,manana,1
27,2,tarde,8
27,2,noche,8
27,3,manana,3
27,3,tarde,9
27,3,noche,7
27,4,manana,10
27,4,tarde,7
27,4,noche,4
27,5,manana,5
27,5,tarde,7
27,5,noche,3
27,6,manana,1
27,6,tarde,4
27,6,noche,4
27,7,manana,1
27,7,tarde,5
27,7,noche,8
27,8,manana,3
27,8,tarde,10
27,8,noche,10
27,9,manana,3
27,9,tarde,1
27,9,noche,1
27,10,manana,7
27,10,tarde,0
27,10,noche,3
27,11,manana,0
27,11,tarde,10
27,11,noche,3
27,12,manana,7
27,12,tarde,6
27,12,noche,3
27,13,manana,7
27,13,tarde,1
27,13,noche,5
27,14,manana,3
27,14,tarde,9
27,14,noche,8
27,15,manana,8
27,15,tarde,5
27,15,noche,4
27,16,manana,7
27,16,tarde,10
27,16,noche,2
27,17,manana,8
27,17,tarde,1
27,17,noche,2
27,18,manana,3
27,18,tarde,5
27,18,noche,6
28,1,manana,7
28,1,tarde,9
28,1,noche,8
28,2,manana,3
28,2,tarde,6
28,2,noche,3
28,3,manana,1
28,3,tarde,4
28,3,noche,6
28,4,manana,2
28,4,tarde,10
28,4,noche,4
28,5,manana,9
28,5,tarde,10
28,5,noche,1
28,6,manana,2
28,6,tarde,7
28,6,noche,1
28,7,manana,1
28,7,tarde,3
28,7,noche,0
28,8,manana,7
28,8,tarde,2
28,8,noche,4
28,9,manana,0
28,9,tarde,7
28,9,noche,10
28,10,manana,8
28,10,tarde,7
28,10,noche,5
28,11,manana,4
28,11,tarde,1
28,11,noche,8
28,12,manana,1
28,12,tarde,5
28,12,noche,6
28,13,manana,3
28,13,tarde,2
28,13,noche,6
28,14,manana,8
28,14,tarde,6
28,14,noche,8
28,15,manana,5
28,15,tarde,0
28,15,noche,7
28,16,manana,4
28,16,tarde,5
28,16,noche,1
28,17,manana,0
28,17,tarde,10
28,17,noche,6
28,18,manana,6
28,18,tarde,3
28,18,noche,4
29,1,manana,3
29,1,tarde,6
29,1,noche,2
29,2,manana,9
29,2,tarde,4
29,2,noche,8
29,3,manana,9
29,3,tarde,7
29,3,noche,8
29,4,manana,6
29,4,tarde,1
29,4,noche,10
29,5,manana,0
29,5,tarde,10
29,5,noche,3
29,6,manana,1
29,6,tarde,3
29,6,noche,1
29,7,manana,0
29,7,tarde,0
29,7,noche,9
29,8,manana,4
29,8,tarde,3
29,8,noche,1
29,9,manana,8
29,9,tarde,1
29,9,noche,4
29,10,manana,3
29,10,tarde,9
29,10,noche,6
29,11,manana,6
29,11,tarde,6
29,11,noche,1
29,12,manana,3
29,12,tarde,4
29,12,noche,7
29,13,manana,3
29,13,tarde,2
29,13,noche,3
29,14,manana,5
29,14,tarde,10
29,14,noche,4
29,15,manana,9
29,15,tarde,4
29,15,noche,0
29,16,manana,1
29,16,tarde,2
29,16,noche,8
29,17,manana,9
29,17,tarde,7
29,17,noche,4
29,18,manana,3
29,18,tarde,2
29,18,noche,5
30,1,manana,10
30,1,tarde,1
30,1,noche,2
30,2,manana,2
30,2,tarde,5
30,2,noche,7
30,3,manana,2
30,3,tarde,0
30,3,noche,10
30,4,manana,7
30,4,tarde,6
30,4,noche,5
30,5,manana,0
30,5,tarde,2
30,5,noche,4
30,6,manana,1
30,6,tarde,2
30,6,noche,10
30,7,manana,0
30,7,tarde,9
30,7,noche,5
30,8,manana,7
30,8,tarde,9
30,8,noche,0
30,9,manana,7
30,9,tarde,3
30,9,noche,7
30,10,manana,1
30,10,tarde,0
30,10,noche,0
30,11,manana,9
30,11,tarde,10
30,11,noche,4
30,12,manana,3
30,12,tarde,8
30,12,noche,8
30,13,manana,2
30,13,tarde,2
30,13,noche,1
30,14,manana,1
30,14,tarde,4
30,14,noche,5
30,15,manana,7
30,15,tarde,7
30,15,noche,5
30,16,manana,8
30,16,tarde,4
30,16,noche,10
30,17,manana,7
30,17,tarde,4
30,17,noche,5
30,18,manana,7
30,18,tarde,0
30,18,noche,5
31,1,manana,4
31,1,tarde,5
31,1,noche,8
31,2,manana,10
31,2,tarde,9
31,2,noche,7
31,3,manana,1
31,3,tarde,4
31,3,noche,10
31,4,manana,8
31,4,tarde,10
31,4,noche,0
31,5,manana,2
31,5,tarde,6
31,5,noche,3
31,6,manana,10
31,6,tarde,2
31,6,noche,5
31,7,manana,7
31,7,tarde,0
31,7,noche,3
31,8,manana,9
31,8,tarde,6
31,8,noche,5
31,9,manana,3
31,9,tarde,1
31,9,noche,3
31,10,manana,6
31,10,tarde,10
31,10,noche,1
31,11,manana,4
31,11,tarde,10
31,11,noche,10
31,12,manana,8
31,12,tarde,7
31,12,noche,8
31,13,manana,2
31,13,tarde,4
31,13,noche,10
31,14,manana,5
31,14,tarde,5
31,14,noche,6
31,15,manana,9
31,15,tarde,6
31,15,noche,4
31,16,manana,4
31,16,tarde,3
31,16,noche,0
31,17,manana,9
31,17,tarde,8
31,17,noche,5
31,18,manana,9
31,18,tarde,1
31,18,noche,6
32,1,manana,7
32,1,tarde,9
32,1,noche,5
32,2,manana,4
32,2,tarde,1
32,2,noche,0
32,3,manana,7
32,3,tarde,10
32,3,noche,2
32,4,manana,7
32,4,tarde,10
32,4,noche,2
32,5,manana,8
32,5,tarde,4
32,5,noche,9
32,6,manana,8
32,6,tarde,10
32,6,noche,2
32,7,manana,4
32,7,tarde,7
32,7,noche,4
32,8,manana,1
32,8,tarde,4
32,8,noche,0
32,9,manana,7
32,9,tarde,0
32,9,noche,3
32,10,manana,4
32,10,tarde,9
32,10,noche,1
32,11,manana,0
32,11,tarde,7
32,11,noche,4
32,12,manana,0
32,12,tarde,6
32,12,noche,5
32,13,manana,10
32,13,tarde,0
32,13,noche,0
32,14,manana,4
32,14,tarde,2
32,14,noche,5
32,15,manana,4
32,15,tarde,8
32,15,noche,10
32,16,manana,8
32,16,tarde,2
32,16,noche,1
32,17,manana,4
32,17,tarde,2
32,17,noche,3
32,18,manana,6
32,18,tarde,9
32,18,noche,1
33,1,manana,4
33,1,tarde,3
33,1,noche,0
33,2,manana,7
33,2,tarde,5
33,2,noche,3
33,3,manana,10
33,3,tarde,10
33,3,noche,6
33,4,manana,6
33,4,tarde,6
33,4,noche,1
33,5,manana,4
33,5,tarde,4
33,5,noche,9
33,6,manana,4
33,6,tarde,2
33,6,noche,9
33,7,manana,6
33,7,tarde,10
33,7,noche,5
33,8,manana,9
33,8,tarde,2
33,8,noche,10
33,9,manana,3
33,9,tarde,4
33,9,noche,2
33,10,manana,6
33,10,tarde,8
33,10,noche,3
33,11,manana,4
33,11,tarde,4
33,11,noche,1
33,12,manana,4
33,12,tarde,9
33,12,noche,10
33,13,manana,7
33,13,tarde,8
33,13,noche,2
33,14,manana,6
33,14,tarde,6
33,14,noche,1
33,15,manana,2
33,15,tarde,8
33,15,noche,7
33,16,manana,5
33,16,tarde,8
33,16,noche,10
33,17,manana,5
33,17,tarde,7
33,17,noche,5
33,18,manana,6
33,18,tarde,7
33,18,noche,6
34,1,manana,6
34,1,tarde,7
34,1,noche,0
34,2,manana,8
34,2,tarde,0
34,2,noche,6
34,3,manana,1
34,3,tarde,2
34,3,noche,9
34,4,manana,4
34,4,tarde,3
34,4,noche,9
34,5,manana,8
34,5,tarde,5
34,5,noche,2
34,6,manana,9
34,6,tarde,8
34,6,noche,9
34,7,manana,4
34,7,tarde,0
34,7,noche,6
34,8,manana,2
34,8,tarde,6
34,8,noche,10
34,9,manana,0
34,9,tarde,7
34,9,noche,8
34,10,manana,7
34,10,tarde,0
34,10,noche,1
34,11,manana,0
34,11,tarde,4
34,11,noche,10
34,12,manana,1
34,12,tarde,5
34,12,noche,9
34,13,manana,1
34,13,tarde,4
34,13,noche,9
34,14,manana,7
34,14,tarde,5
34,14,noche,0
34,15,manana,1
34,15,tarde,9
34,15,noche,10
34,16,manana,8
34,16,tarde,0
34,16,noche,3
34,17,manana,8
34,17,tarde,2
34,17,noche,8
34,18,manana,7
34,18,tarde,2
34,18,noche,3
35,1,manana,10
35,1,tarde,10
35,1,noche,2
35,2,manana,4
35,2,tarde,10
35,2,noche,4
35,3,manana,0
35,3,tarde,7
35,3,noche,9
35,4,manana,3
35,4,tarde,1
35,4,noche,1
35,5,manana,0
35,5,tarde,2
35,5,noche,9
35,6,manana,1
35,6,tarde,8
35,6,noche,1
35,7,manana,3
35,7,tarde,3
35,7,noche,1
35,8,manana,7
35,8,tarde,0
35,8,noche,8
35,9,manana,7
35,9,tarde,6
35,9,noche,0
35,10,manana,1
35,10,tarde,4
35,10,noche,6
35,11,manana,7
35,11,tarde,2
35,11,noche,3
35,12,manana,8
35,12,tarde,4
35,12,noche,9
35,13,manana,10
35,13,tarde,7
35,13,noche,10
35,14,manana,9
35,14,tarde,1
35,14,noche,6
35,15,manana,2
35,15,tarde,10
35,15,noche,0
35,16,manana,2
35,16,tarde,2
35,16,noche,10
35,17,manana,3
35,17,tarde,2
35,17,noche,8
35,18,manana,8
35,18,tarde,3
35,18,noche,7
36,1,manana,7
36,1,tarde,4
36,1,noche,4
36,2,manana,10
36,2,tarde,1
36,2,noche,9
36,3,manana,7
36,3,tarde,5
36,3,noche,10
36,4,manana,4
36,4,tarde,6
36,4,noche,6
36,5,manana,1
36,5,tarde,7
36,5,noche,6
36,6,manana,6
36,6,tarde,2
36,6,noche,0
36,7,manana,4
36,7,tarde,7
36,7,noche,1
36,8,manana,9
36,8,tarde,6
36,8,noche,0
36,9,manana,9
36,9,tarde,4
36,9,noche,0
36,10,manana,10
36,10,tarde,10
36,10,noche,10
36,11,manana,9
36,11,tarde,7
36,11,noche,0
36,12,manana,5
36,12,tarde,2
36,12,noche,7
36,13,manana,7
36,13,tarde,4
36,13,noche,0
36,14,manana,2
36,14,tarde,5
36,14,noche,8
36,15,manana,8
36,15,tarde,3
36,15,noche,5
36,16,manana,8
36,16,tarde,6
36,16,noche,8
36,17,manana,1
36,17,tarde,2
36,17,noche,10
36,18,manana,2
36,18,tarde,5
36,18,noche,10
37,1,manana,9
37,1,tarde,5
37,1,noche,7
37,2,manana,2
37,2,tarde,4
37,2,noche,10
37,3,manana,4
37,3,tarde,6
37,3,noche,1
37,4,manana,10
37,4,tarde,7
37,4,noche,6
37,5,manana,7
37,5,tarde,9
37,5,noche,10
37,6,manana,2
37,6,tarde,9
37,6,noche,8
37,7,manana,10
37,7,tarde,8
37,7,noche,4
37,8,manana,2
37,8,tarde,5
37,8,noche,9
37,9,manana,9
37,9,tarde,5
37,9,noche,9
37,10,manana,9
37,10,tarde,6
37,10,noche,1
37,11,manana,0
37,11,tarde,0
37,11,noche,2
37,12,manana,3
37,12,tarde,1
37,12,noche,10
37,13,manana,1
37,13,tarde,7
37,13,noche,10
37,14,manana,7
37,14,tarde,5
37,14,noche,3
37,15,manana,3
37,15,tarde,1
37,15,noche,2
37,16,manana,6
37,16,tarde,6
37,16,noche,1
37,17,manana,0
37,17,tarde,9
37,17,noche,4
37,18,manana,1
37,18,tarde,0
37,18,noche,1
38,1,manana,7
38,1,tarde,5
38,1,noche,9
38,2,manana,10
38,2,tarde,0
38,2,noche,2
38,3,manana,5
38,3,tarde,1
38,3,noche,7
38,4,manana,6
38,4,tarde,2
38,4,noche,10
38,5,manana,9
38,5,tarde,8
38,5,noche,3
38,6,manana,3
38,6,tarde,4
38,6,noche,7
38,7,manana,7
38,7,tarde,10
38,7,noche,4
38,8,manana,3
38,8,tarde,3
38,8,noche,2
38,9,manana,6
38,9,tarde,8
38,9,noche,3
38,10,manana,1
38,10,tarde,9
38,10,noche,0
38,11,manana,10
38,11,tarde,10
38,11,noche,1
38,12,manana,3
38,12,tarde,0
38,12,noche,2
38,13,manana,0
38,13,tarde,5
38,13,noche,6
38,14,manana,9
38,14,tarde,8
38,14,noche,1
38,15,manana,5
38,15,tarde,2
38,15,noche,10
38,16,manana,10
38,16,tarde,8
38,16,noche,7
38,17,manana,3
38,17,tarde,3
38,17,noche,9
38,18,manana,7
38,18,tarde,8
38,18,noche,5
39,1,manana,5
39,1,tarde,9
39,1,noche,8
39,2,manana,2
39,2,tarde,1
39,2,noche,7
39,3,manana,6
39,3,tarde,10
39,3,noche,6
39,4,manana,1
39,4,tarde,9
39,4,noche,1
39,5,manana,2
39,5,tarde,8
39,5,noche,4
39,6,manana,1
39,6,tarde,1
39,6,noche,7
39,7,manana,3
39,7,tarde,0
39,7,noche,9
39,8,manana,8
39,8,tarde,5
39,8,noche,0
39,9,manana,3
39,9,tarde,4
39,9,noche,4
39,10,manana,6
39,10,tarde,5
39,10,noche,1
39,11,manana,2
39,11,tarde,4
39,11,noche,1
39,12,manana,8
39,12,tarde,9
39,12,noche,3
39,13,manana,8
39,13,tarde,9
39,13,noche,8
39,14,manana,4
39,14,tarde,6
39,14,noche,9
39,15,manana,0
39,15,tarde,8
39,15,noche,1
39,16,manana,9
39,16,tarde,7
39,16,noche,4
39,17,manana,10
39,17,tarde,0
39,17,noche,0
39,18,manana,5
39,18,tarde,6
39,18,noche,4
40,1,manana,3
40,1,tarde,5
40,1,noche,0
40,2,manana,2
40,2,tarde,3
40,2,noche,8
40,3,manana,5
40,3,tarde,10
40,3,noche,0
40,4,manana,3
40,4,tarde,7
40,4,noche,1
40,5,manana,9
40,5,tarde,9
40,5,noche,0
40,6,manana,5
40,6,tarde,1
40,6,noche,6
40,7,manana,9
40,7,tarde,9
40,7,noche,1
40,8,manana,8
40,8,tarde,7
40,8,noche,2
40,9,manana,4
40,9,tarde,0
40,9,noche,1
40,10,manana,0
40,10,tarde,7
40,10,noche,8
40,11,manana,3
40,11,tarde,10
40,11,noche,5
40,12,manana,6
40,12,tarde,7
40,12,noche,4
40,13,manana,3
40,13,tarde,0
40,13,noche,0
40,14,manana,0
40,14,tarde,3
40,14,noche,8
40,15,manana,9
40,15,tarde,6
40,15,noche,10
40,16,manana,10
40,16,tarde,0
40,16,noche,8
40,17,manana,7
40,17,tarde,0
40,17,noche,6
40,18,manana,6
40,18,tarde,2
40,18,noche,6
41,1,manana,6
41,1,tarde,8
41,1,noche,2
41,2,manana,1
41,2,tarde,7
41,2,noche,1
41,3,manana,9
41,3,tarde,5
41,3,noche,5
41,4,manana,3
41,4,tarde,5
41,4,noche,6
41,5,manana,0
41,5,tarde,3
41,5,noche,3
41,6,manana,1
41,6,tarde,9
41,6,noche,0
41,7,manana,3
41,7,tarde,6
41,7,noche,8
41,8,manana,9
41,8,tarde,0
41,8,noche,0
41,9,manana,3
41,9,tarde,0
41,9,noche,1
41,10,manana,0
41,10,tarde,2
41,10,noche,7
41,11,manana,2
41,11,tarde,4
41,11,noche,0
41,12,manana,5
41,12,tarde,5
41,12,noche,9
41,13,manana,10
41,13,tarde,3
41,13,noche,4
41,14,manana,2
41,14,tarde,9
41,14,noche,6
41,15,manana,7
41,15,tarde,10
41,15,noche,1
41,16,manana,10
41,16,tarde,1
41,16,noche,1
41,17,manana,4
41,17,tarde,8
41,17,noche,3
41,18,manana,7
41,18,tarde,5
41,18,noche,3
42,1,manana,7
42,1,tarde,4
42,1,noche,5
42,2,manana,8
42,2,tarde,4
42,2,noche,10
42,3,manana,3
42,3,tarde,8
42,3,noche,4
42,4,manana,5
42,4,tarde,8
42,4,noche,8
42,5,manana,1
42,5,tarde,0
42,5,noche,5
42,6,manana,6
42,6,tarde,9
42,6,noche,7
42,7,manana,4
42,7,tarde,1
42,7,noche,3
42,8,manana,2
42,8,tarde,8
42,8,noche,3
42,9,manana,4
42,9,tarde,8
42,9,noche,3
42,10,manana,1
42,10,tarde,5
42,10,noche,2
42,11,manana,0
42,11,tarde,3
42,11,noche,7
42,12,manana,10
42,12,tarde,7
42,12,noche,1
42,13,manana,0
42,13,tarde,7
42,13,noche,0
42,14,manana,4
42,14,tarde,4
42,14,noche,9
42,15,manana,6
42,15,tarde,4
42,15,noche,1
42,16,manana,0
42,16,tarde,4
42,16,noche,9
42,17,manana,6
42,17,tarde,7
42,17,noche,0
42,18,manana,6
42,18,tarde,6
42,18,noche,7
43,1,manana,0
43,1,tarde,3
43,1,noche,3
43,2,manana,6
43,2,tarde,2
43,2,noche,10
43,3,manana,6
43,3,tarde,8
43,3,noche,0
43,4,manana,10
43,4,tarde,4
43,4,noche,0
43,5,manana,8
43,5,tarde,5
43,5,noche,0
43,6,manana,9
43,6,tarde,5
43,6,noche,4
43,7,manana,9
43,7,tarde,3
43,7,noche,0
43,8,manana,5
43,8,tarde,9
43,8,noche,6
43,9,manana,6
43,9,tarde,0
43,9,noche,1
43,10,manana,8
43,10,tarde,6
43,10,noche,10
43,11,manana,4
43,11,tarde,8
43,11,noche,7
43,12,manana,6
43,12,tarde,9
43,12,noche,9
43,13,manana,8
43,13,tarde,4
43,13,noche,2
43,14,manana,6
43,14,tarde,7
43,14,noche,3
43,15,manana,2
43,15,tarde,0
43,15,noche,4
43,16,manana,10
43,16,tarde,4
43,16,noche,1
43,17,manana,3
43,17,tarde,8
43,17,noche,4
43,18,manana,5
43,18,tarde,9
43,18,noche,6
44,1,manana,0
44,1,tarde,9
44,1,noche,4
44,2,manana,5
44,2,tarde,4
44,2,noche,10
44,3,manana,4
44,3,tarde,10
44,3,noche,9
44,4,manana,0
44,4,tarde,1
44,4,noche,4
44,5,manana,9
44,5,tarde,10
44,5,noche,5
44,6,manana,4
44,6,tarde,2
44,6,noche,7
44,7,manana,7
44,7,tarde,0
44,7,noche,7
44,8,manana,0
44,8,tarde,7
44,8,noche,0
44,9,manana,5
44,9,tarde,7
44,9,noche,10
44,10,manana,8
44,10,tarde,3
44,10,noche,6
44,11,manana,0
44,11,tarde,9
44,11,noche,1
44,12,manana,4
44,12,tarde,9
44,12,noche,8
44,13,manana,5
44,13,tarde,1
44,13,noche,7
44,14,manana,2
44,14,tarde,4
44,14,noche,4
44,15,manana,4
44,15,tarde,7
44,15,noche,2
44,16,manana,3
44,16,tarde,10
44,16,noche,2
44,17,manana,2
44,17,tarde,9
44,17,noche,10
44,18,manana,0
44,18,tarde,3
44,18,noche,1
45,1,manana,10
45,1,tarde,0
45,1,noche,2
45,2,manana,10
45,2,tarde,8
45,2,noche,7
45,3,manana,9
45,3,tarde,5
45,3,noche,0
45,4,manana,8
45,4,tarde,3
45,4,noche,0
45,5,manana,4
45,5,tarde,4
45,5,noche,0
45,6,manana,10
45,6,tarde,5
45,6,noche,8
45,7,manana,0
45,7,tarde,9
45,7,noche,3
45,8,manana,5
45,8,tarde,1
45,8,noche,1
45,9,manana,8
45,9,tarde,7
45,9,noche,1
45,10,manana,8
45,10,tarde,1
45,10,noche,3
45,11,manana,3
45,11,tarde,5
45,11,noche,9
45,12,manana,5
45,12,tarde,10
45,12,noche,6
45,13,manana,1
45,13,tarde,10
45,13,noche,6
45,14,manana,4
45,14,tarde,2
45,14,noche,0
45,15,manana,5
45,15,tarde,9
45,15,noche,5
45,16,manana,5
45,16,tarde,6
45,16,noche,10
45,17,manana,5
45,17,tarde,7
45,17,noche,4
45,18,manana,9
45,18,tarde,0
45,18,noche,2
46,1,manana,5
46,1,tarde,0
46,1,noche,4
46,2,manana,2
46,2,tarde,9
46,2,noche,0
46,3,manana,1
46,3,tarde,9
46,3,noche,3
46,4,manana,5
46,4,tarde,8
46,4,noche,8
46,5,manana,9
46,5,tarde,5
46,5,noche,3
46,6,manana,6
46,6,tarde,9
46,6,noche,0
46,7,manana,10
46,7,tarde,2
46,7,noche,6
46,8,manana,10
46,8,tarde,1
46,8,noche,1
46,9,manana,3
46,9,tarde,9
46,9,noche,8
46,10,manana,9
46,10,tarde,10
46,10,noche,8
46,11,manana,6
46,11,tarde,8
46,11,noche,1
46,12,manana,8
46,12,tarde,0
46,12,noche,9
46,13,manana,7
46,13,tarde,10
46,13,noche,8
46,14,manana,8
46,14,tarde,7
46,14,noche,5
46,15,manana,4
46,15,tarde,3
46,15,noche,9
46,16,manana,4
46,16,tarde,3
46,16,noche,5
46,17,manana,3
46,17,tarde,5
46,17,noche,3
46,18,manana,7
46,18,tarde,5
46,18,noche,1
47,1,manana,3
47,1,tarde,7
47,1,noche,6
47,2,manana,5
47,2,tarde,1
47,2,noche,5
47,3,manana,8
47,3,tarde,8
47,3,noche,1
47,4,manana,5
47,4,tarde,10
47,4,noche,7
47,5,manana,9
47,5,tarde,3
47,5,noche,7
47,6,manana,6
47,6,tarde,3
47,6,noche,9
47,7,manana,2
47,7,tarde,8
47,7,noche,3
47,8,manana,6
47,8,tarde,10
47,8,noche,9
47,9,manana,10
47,9,tarde,2
47,9,noche,9
47,10,manana,4
47,10,tarde,4
47,10,noche,5
47,11,manana,5
47,11,tarde,1
47,11,noche,1
47,12,manana,6
47,12,tarde,6
47,12,noche,8
47,13,manana,2
47,13,tarde,9
47,13,noche,7
47,14,manana,10
47,14,tarde,3
47,14,noche,2
47,15,manana,7
47,15,tarde,0
47,15,noche,2
47,16,manana,1
47,16,tarde,6
47,16,noche,4
47,17,manana,8
47,17,tarde,7
47,17,noche,1
47,18,manana,2
47,18,tarde,0
47,18,noche,6
48,1,manana,0
48,1,tarde,2
48,1,noche,1
48,2,manana,2
48,2,tarde,8
48,2,noche,8
48,3,manana,6
48,3,tarde,6
48,3,noche,5
48,4,manana,2
48,4,tarde,6
48,4,noche,8
48,5,manana,3
48,5,tarde,4
48,5,noche,1
48,6,manana,5
48,6,tarde,5
48,6,noche,9
48,7,manana,9
48,7,tarde,9
48,7,noche,1
48,8,manana,0
48,8,tarde,1
48,8,noche,5
48,9,manana,7
48,9,tarde,6
48,9,noche,10
48,10,manana,7
48,10,tarde,6
48,10,noche,4
48,11,manana,7
48,11,tarde,2
48,11,noche,2
48,12,manana,9
48,12,tarde,8
48,12,noche,1
48,13,manana,2
48,13,tarde,0
48,13,noche,9
48,14,manana,9
48,14,tarde,5
48,14,noche,10
48,15,manana,10
48,15,tarde,7
48,15,noche,6
48,16,manana,5
48,16,tarde,7
48,16,noche,2
48,17,manana,8
48,17,tarde,9
48,17,noche,4
48,18,manana,1
48,18,tarde,3
48,18,noche,4
49,1,manana,7
49,1,tarde,5
49,1,noche,0
49,2,manana,9
49,2,tarde,8
49,2,noche,8
49,3,manana,9
49,3,tarde,8
49,3,noche,6
49,4,manana,4
49,4,tarde,5
49,4,noche,6
49,5,manana,5
49,5,tarde,2
49,5,noche,2
49,6,manana,0
49,6,tarde,3
49,6,noche,6
49,7,manana,8
49,7,tarde,4
49,7,noche,9
49,8,manana,9
49,8,tarde,5
49,8,noche,1
49,9,manana,5
49,9,tarde,4
49,9,noche,2
49,10,manana,1
49,10,tarde,4
49,10,noche,4
49,11,manana,7
49,11,tarde,7
49,11,noche,3
49,12,manana,2
49,12,tarde,4
49,12,noche,4
49,13,manana,9
49,13,tarde,1
49,13,noche,3
49,14,manana,10
49,14,tarde,4
49,14,noche,2
49,15,manana,1
49,15,tarde,3
49,15,noche,8
49,16,manana,8
49,16,tarde,2
49,16,noche,0
49,17,manana,9
49,17,tarde,0
49,17,noche,8
49,18,manana,8
49,18,tarde,3
49,18,noche,0
50,1,manana,7
50,1,tarde,0
50,1,noche,5
50,2,manana,3
50,2,tarde,4
50,2,noche,9
50,3,manana,6
50,3,tarde,7
50,3,noche,8
50,4,manana,2
50,4,tarde,7
50,4,noche,4
50,5,manana,1
50,5,tarde,1
50,5,noche,7
50,6,manana,6
50,6,tarde,7
50,6,noche,4
50,7,manana,1
50,7,tarde,2
50,7,noche,4
50,8,manana,10
50,8,tarde,1
50,8,noche,5
50,9,manana,1
50,9,tarde,3
50,9,noche,1
50,10,manana,5
50,10,tarde,2
50,10,noche,8
50,11,manana,5
50,11,tarde,4
50,11,noche,7
50,12,manana,10
50,12,tarde,8
50,12,noche,10
50,13,manana,1
50,13,tarde,5
50,13,noche,0
50,14,manana,6
50,14,tarde,1
50,14,noche,8
50,15,manana,5
50,15,tarde,3
50,15,noche,8
50,16,manana,10
50,16,tarde,10
50,16,noche,0
50,17,manana,10
50,17,tarde,10
50,17,noche,0
50,18,manana,3
50,18,tarde,2
50,18,noche,9
51,1,manana,6
51,1,tarde,3
51,1,noche,10
51,2,manana,3
51,2,tarde,4
51,2,noche,7
51,3,manana,2
51,3,tarde,7
51,3,noche,2
51,4,manana,7
51,4,tarde,4
51,4,noche,2
51,5,manana,3
51,5,tarde,10
51,5,noche,1
51,6,manana,8
51,6,tarde,3
51,6,noche,0
51,7,manana,6
51,7,tarde,1
51,7,noche,7
51,8,manana,8
51,8,tarde,9
51,8,noche,3
51,9,manana,2
51,9,tarde,0
51,9,noche,6
51,10,manana,4
51,10,tarde,9
51,10,noche,6
51,11,manana,10
51,11,tarde,9
51,11,noche,3
51,12,manana,10
51,12,tarde,5
51,12,noche,7
51,13,manana,8
51,13,tarde,10
51,13,noche,2
51,14,manana,4
51,14,tarde,3
51,14,noche,4
51,15,manana,10
51,15,tarde,7
51,15,noche,7
51,16,manana,10
51,16,tarde,6
51,16,noche,9
51,17,manana,5
51,17,tarde,8
51,17,noche,7
51,18,manana,4
51,18,tarde,1
51,18,noche,3
52,1,manana,1
52,1,tarde,4
52,1,noche,6
52,2,manana,7
52,2,tarde,5
52,2,noche,3
52,3,manana,10
52,3,tarde,6
52,3,noche,1
52,4,manana,2
52,4,tarde,7
52,4,noche,5
52,5,manana,10
52,5,tarde,1
52,5,noche,5
52,6,manana,6
52,6,tarde,2
52,6,noche,7
52,7,manana,7
52,7,tarde,9
52,7,noche,6
52,8,manana,10
52,8,tarde,3
52,8,noche,0
52,9,manana,4
52,9,tarde,4
52,9,noche,8
52,10,manana,3
52,10,tarde,6
52,10,noche,0
52,11,manana,8
52,11,tarde,5
52,11,noche,4
52,12,manana,10
52,12,tarde,5
52,12,noche,6
52,13,manana,6
52,13,tarde,7
52,13,noche,6
52,14,manana,6
52,14,tarde,4
52,14,noche,0
52,15,manana,4
52,15,tarde,7
52,15,noche,3
52,16,manana,5
52,16,tarde,10
52,16,noche,0
52,17,manana,4
52,17,tarde,7
52,17,noche,6
52,18,manana,3
52,18,tarde,9
52,18,noche,2
53,1,manana,8
53,1,tarde,3
53,1,noche,10
53,2,manana,1
53,2,tarde,9
53,2,noche,9
53,3,manana,5
53,3,tarde,2
53,3,noche,9
53,4,manana,8
53,4,tarde,0
53,4,noche,0
53,5,manana,6
53,5,tarde,1
53,5,noche,5
53,6,manana,5
53,6,tarde,8
53,6,noche,1
53,7,manana,10
53,7,tarde,0
53,7,noche,8
53,8,manana,3
53,8,tarde,5
53,8,noche,8
53,9,manana,3
53,9,tarde,2
53,9,noche,8
53,10,manana,6
53,10,tarde,3
53,10,noche,4
53,11,manana,2
53,11,tarde,5
53,11,noche,5
53,12,manana,6
53,12,tarde,3
53,12,noche,8
53,13,manana,3
53,13,tarde,0
53,13,noche,0
53,14,manana,0
53,14,tarde,8
53,14,noche,1
53,15,manana,8
53,15,tarde,6
53,15,noche,7
53,16,manana,0
53,16,tarde,2
53,16,noche,4
53,17,manana,4
53,17,tarde,0
53,17,noche,3
53,18,manana,10
53,18,tarde,3
53,18,noche,0
54,1,manana,4
54,1,tarde,1
54,1,noche,6
54,2,manana,10
54,2,tarde,6
54,2,noche,2
54,3,manana,4
54,3,tarde,1
54,3,noche,1
54,4,manana,1
54,4,tarde,8
54,4,noche,6
54,5,manana,0
54,5,tarde,0
54,5,noche,8
54,6,manana,9
54,6,tarde,2
54,6,noche,1
54,7,manana,9
54,7,tarde,6
54,7,noche,3
54,8,manana,9
54,8,tarde,4
54,8,noche,5
54,9,manana,6
54,9,tarde,8
54,9,noche,0
54,10,manana,4
54,10,tarde,4
54,10,noche,7
54,11,manana,3
54,11,tarde,1
54,11,noche,4
54,12,manana,10
54,12,tarde,9
54,12,noche,7
54,13,manana,6
54,13,tarde,4
54,13,noche,6
54,14,manana,1
54,14,tarde,3
54,14,noche,6
54,15,manana,8
54,15,tarde,4
54,15,noche,7
54,16,manana,4
54,16,tarde,8
54,16,noche,8
54,17,manana,3
54,17,tarde,6
54,17,noche,0
54,18,manana,7
54,18,tarde,6
54,18,noche,5
55,1,manana,8
55,1,tarde,1
55,1,noche,7
55,2,manana,3
55,2,tarde,9
55,2,noche,0
55,3,manana,6
55,3,tarde,3
55,3,noche,7
55,4,manana,5
55,4,tarde,7
55,4,noche,9
55,5,manana,1
55,5,tarde,10
55,5,noche,4
55,6,manana,5
55,6,tarde,2
55,6,noche,10
55,7,manana,1
55,7,tarde,1
55,7,noche,8
55,8,manana,2
55,8,tarde,3
55,8,noche,7
55,9,manana,9
55,9,tarde,3
55,9,noche,1
55,10,manana,2
55,10,tarde,6
55,10,noche,9
55,11,manana,7
55,11,tarde,8
55,11,noche,9
55,12,manana,3
55,12,tarde,0
55,12,noche,7
55,13,manana,4
55,13,tarde,6
55,13,noche,4
55,14,manana,5
55,14,tarde,2
55,14,noche,0
55,15,manana,5
55,15,tarde,9
55,15,noche,9
55,16,manana,6
55,16,tarde,0
55,16,noche,4
55,17,manana,3
55,17,tarde,8
55,17,noche,7
55,18,manana,8
55,18,tarde,7
55,18,noche,5
56,1,manana,10
56,1,tarde,3
56,1,noche,5
56,2,manana,7
56,2,tarde,7
56,2,noche,8
56,3,manana,8
56,3,tarde,1
56,3,noche,1
56,4,manana,6
56,4,tarde,1
56,4,noche,6
56,5,manana,2
56,5,tarde,0
56,5,noche,2
56,6,manana,8
56,6,tarde,1
56,6,noche,2
56,7,manana,3
56,7,tarde,7
56,7,noche,1
56,8,manana,0
56,8,tarde,6
56,8,noche,7
56,9,manana,2
56,9,tarde,10
56,9,noche,8
56,10,manana,7
56,10,tarde,2
56,10,noche,8
56,11,manana,6
56,11,tarde,6
56,11,noche,0
56,12,manana,4
56,12,tarde,1
56,12,noche,6
56,13,manana,4
56,13,tarde,10
56,13,noche,4
56,14,manana,8
56,14,tarde,5
56,14,noche,9
56,15,manana,5
56,15,tarde,9
56,15,noche,10
56,16,manana,2
56,16,tarde,2
56,16,noche,4
56,17,manana,8
56,17,tarde,10
56,17,noche,3
56,18,manana,9
56,18,tarde,5
56,18,noche,8
57,1,manana,9
57,1,tarde,4
57,1,noche,7
57,2,manana,7
57,2,tarde,3
57,2,noche,5
57,3,manana,2
57,3,tarde,2
57,3,noche,8
57,4,manana,7
57,4,tarde,0
57,4,noche,5
57,5,manana,6
57,5,tarde,2
57,5,noche,2
57,6,manana,7
57,6,tarde,1
57,6,noche,0
57,7,manana,4
57,7,tarde,3
57,7,noche,3
57,8,manana,1
57,8,tarde,8
57,8,noche,7
57,9,manana,5
57,9,tarde,1
57,9,noche,0
57,10,manana,9
57,10,tarde,7
57,10,noche,9
57,11,manana,2
57,11,tarde,1
57,11,noche,5
57,12,manana,10
57,12,tarde,8
57,12,noche,3
57,13,manana,5
57,13,tarde,10
57,13,noche,0
57,14,manana,3
57,14,tarde,4
57,14,noche,4
57,15,manana,6
57,15,tarde,9
57,15,noche,4
57,16,manana,5
57,16,tarde,9
57,16,noche,6
57,17,manana,4
57,17,tarde,8
57,17,noche,8
57,18,manana,10
57,18,tarde,10
57,18,noche,3
58,1,manana,1
58,1,tarde,9
58,1,noche,2
58,2,manana,1
58,2,tarde,3
58,2,noche,4
58,3,manana,2
58,3,tarde,4
58,3,noche,9
58,4,manana,1
58,4,tarde,2
58,4,noche,8
58,5,manana,9
58,5,tarde,10
58,5,noche,6
58,6,manana,5
58,6,tarde,9
58,6,noche,9
58,7,manana,9
58,7,tarde,4
58,7,noche,9
58,8,manana,10
58,8,tarde,7
58,8,noche,3
58,9,manana,2
58,9,tarde,0
58,9,noche,3
58,10,manana,3
58,10,tarde,1
58,10,noche,9
58,11,manana,2
58,11,tarde,2
58,11,noche,2
58,12,manana,7
58,12,tarde,0
58,12,noche,5
58,13,manana,1
58,13,tarde,0
58,13,noche,2
58,14,manana,8
58,14,tarde,7
58,14,noche,6
58,15,manana,10
58,15,tarde,7
58,15,noche,5
58,16,manana,4
58,16,tarde,8
58,16,noche,1
58,17,manana,3
58,17,tarde,8
58,17,noche,6
58,18,manana,6
58,18,tarde,6
58,18,noche,7
59,1,manana,5
59,1,tarde,4
59,1,noche,8
59,2,manana,5
59,2,tarde,8
59,2,noche,1
59,3,manana,9
59,3,tarde,3
59,3,noche,2
59,4,manana,10
59,4,tarde,4
59,4,noche,2
59,5,manana,6
59,5,tarde,8
59,5,noche,7
59,6,manana,7
59,6,tarde,4
59,6,noche,10
59,7,manana,1
59,7,tarde,8
59,7,noche,6
59,8,manana,10
59,8,tarde,5
59,8,noche,2
59,9,manana,0
59,9,tarde,5
59,9,noche,7
59,10,manana,10
59,10,tarde,5
59,10,noche,6
59,11,manana,3
59,11,tarde,9
59,11,noche,8
59,12,manana,3
59,12,tarde,6
59,12,noche,5
59,13,manana,2
59,13,tarde,0
59,13,noche,3
59,14,manana,7
59,14,tarde,5
59,14,noche,8
59,15,manana,3
59,15,tarde,0
59,15,noche,9
59,16,manana,4
59,16,tarde,5
59,16,noche,1
59,17,manana,5
59,17,tarde,4
59,17,noche,8
59,18,manana,0
59,18,tarde,9
59,18,noche,4
60,1,manana,0
60,1,tarde,10
60,1,noche,4
60,2,manana,10
60,2,tarde,7
60,2,noche,6
60,3,manana,0
60,3,tarde,4
60,3,noche,4
60,4,manana,10
60,4,tarde,0
60,4,noche,9
60,5,manana,0
60,5,tarde,7
60,5,noche,9
60,6,manana,10
60,6,tarde,7
60,6,noche,7
60,7,manana,2
60,7,tarde,7
60,7,noche,10
60,8,manana,8
60,8,tarde,1
60,8,noche,0
60,9,manana,5
60,9,tarde,0
60,9,noche,9
60,10,manana,2
60,10,tarde,2
60,10,noche,2
60,11,manana,1
60,11,tarde,6
60,11,noche,1
60,12,manana,0
60,12,tarde,7
60,12,noche,10
60,13,manana,0
60,13,tarde,5
60,13,noche,1
60,14,manana,8
60,14,tarde,4
60,14,noche,3
60,15,manana,10
60,15,tarde,9
60,15,noche,0
60,16,manana,5
60,16,tarde,10
60,16,noche,5
60,17,manana,2
60,17,tarde,9
60,17,noche,5
60,18,manana,8
60,18,tarde,0
60,18,noche,10
61,1,manana,6
61,1,tarde,6
61,1,noche,10
61,2,manana,10
61,2,tarde,0
61,2,noche,1
61,3,manana,3
61,3,tarde,8
61,3,noche,2
61,4,manana,4
61,4,tarde,1
61,4,noche,2
61,5,manana,7
61,5,tarde,0
61,5,noche,4
61,6,manana,9
61,6,tarde,3
61,6,noche,8
61,7,manana,6
61,7,tarde,2
61,7,noche,10
61,8,manana,0
61,8,tarde,4
61,8,noche,4
61,9,manana,8
61,9,tarde,5
61,9,noche,1
61,10,manana,5
61,10,tarde,7
61,10,noche,9
61,11,manana,1
61,11,tarde,9
61,11,noche,7
61,12,manana,1
61,12,tarde,1
61,12,noche,1
61,13,manana,2
61,13,tarde,1
61,13,noche,2
61,14,manana,5
61,14,tarde,9
61,14,noche,10
61,15,manana,0
61,15,tarde,2
61,15,noche,0
61,16,manana,3
61,16,tarde,10
61,16,noche,5
61,17,manana,7
61,17,tarde,1
61,17,noche,3
61,18,manana,4
61,18,tarde,10
61,18,noche,10
62,1,manana,3
62,1,tarde,2
62,1,noche,4
62,2,manana,0
62,2,tarde,6
62,2,noche,4
62,3,manana,2
62,3,tarde,4
62,3,noche,2
62,4,manana,9
62,4,tarde,5
62,4,noche,6
62,5,manana,3
62,5,tarde,3
62,5,noche,4
62,6,manana,3
62,6,tarde,2
62,6,noche,4
62,7,manana,4
62,7,tarde,7
62,7,noche,4
62,8,manana,1
62,8,tarde,7
62,8,noche,5
62,9,manana,9
62,9,tarde,5
62,9,noche,5
62,10,manana,10
62,10,tarde,8
62,10,noche,7
62,11,manana,10
62,11,tarde,10
62,11,noche,2
62,12,manana,0
62,12,tarde,9
62,12,noche,6
62,13,manana,2
62,13,tarde,8
62,13,noche,9
62,14,manana,3
62,14,tarde,6
62,14,noche,5
62,15,manana,10
62,15,tarde,10
62,15,noche,4
62,16,manana,3
62,16,tarde,5
62,16,noche,8
62,17,manana,8
62,17,tarde,4
62,17,noche,1
62,18,manana,8
62,18,tarde,3
62,18,noche,4
63,1,manana,3
63,1,tarde,7
63,1,noche,4
63,2,manana,0
63,2,tarde,1
63,2,noche,8
63,3,manana,10
63,3,tarde,10
63,3,noche,2
63,4,manana,7
63,4,tarde,2
63,4,noche,7
63,5,manana,9
63,5,tarde,5
63,5,noche,5
63,6,manana,9
63,6,tarde,6
63,6,noche,10
63,7,manana,9
63,7,tarde,0
63,7,noche,5
63,8,manana,1
63,8,tarde,10
63,8,noche,5
63,9,manana,0
63,9,tarde,2
63,9,noche,6
63,10,manana,7
63,10,tarde,5
63,10,noche,5
63,11,manana,10
63,11,tarde,1
63,11,noche,2
63,12,manana,5
63,12,tarde,4
63,12,noche,2
63,13,manana,7
63,13,tarde,8
63,13,noche,2
63,14,manana,0
63,14,tarde,7
63,14,noche,9
63,15,manana,7
63,15,tarde,9
63,15,noche,9
63,16,manana,6
63,16,tarde,6
63,16,noche,7
63,17,manana,3
63,17,tarde,4
63,17,noche,5
63,18,manana,9
63,18,tarde,5
63,18,noche,7
64,1,manana,10
64,1,tarde,6
64,1,noche,4
64,2,manana,0
64,2,tarde,3
64,2,noche,8
64,3,manana,1
64,3,tarde,6
64,3,noche,6
64,4,manana,4
64,4,tarde,9
64,4,noche,6
64,5,manana,9
64,5,tarde,0
64,5,noche,2
64,6,manana,8
64,6,tarde,2
64,6,noche,4
64,7,manana,9
64,7,tarde,8
64,7,noche,3
64,8,manana,9
64,8,tarde,2
64,8,noche,2
64,9,manana,10
64,9,tarde,5
64,9,noche,0
64,10,manana,1
64,10,tarde,4
64,10,noche,2
64,11,manana,5
64,11,tarde,7
64,11,noche,6
64,12,manana,2
64,12,tarde,7
64,12,noche,0
64,13,manana,10
64,13,tarde,2
64,13,noche,3
64,14,manana,2
64,14,tarde,4
64,14,noche,4
64,15,manana,1
64,15,tarde,2
64,15,noche,3
64,16,manana,3
64,16,tarde,6
64,16,noche,1
64,17,manana,3
64,17,tarde,2
64,17,noche,10
64,18,manana,8
64,18,tarde,5
64,18,noche,0
65,1,manana,7
65,1,tarde,2
65,1,noche,5
65,2,manana,1
65,2,tarde,7
65,2,noche,8
65,3,manana,10
65,3,tarde,6
65,3,noche,3
65,4,manana,7
65,4,tarde,10
65,4,noche,6
65,5,manana,7
65,5,tarde,3
65,5,noche,1
65,6,manana,6
65,6,tarde,2
65,6,noche,5
65,7,manana,2
65,7,tarde,6
65,7,noche,5
65,8,manana,4
65,8,tarde,10
65,8,noche,6
65,9,manana,9
65,9,tarde,6
65,9,noche,8
65,10,manana,1
65,10,tarde,5
65,10,noche,7
65,11,manana,10
65,11,tarde,9
65,11,noche,0
65,12,manana,3
65,12,tarde,9
65,12,noche,2
65,13,manana,3
65,13,tarde,5
65,13,noche,5
65,14,manana,5
65,14,tarde,8
65,14,noche,0
65,15,manana,9
65,15,tarde,9
65,15,noche,6
65,16,manana,1
65,16,tarde,10
65,16,noche,3
65,17,manana,2
65,17,tarde,7
65,17,noche,3
65,18,manana,0
65,18,tarde,3
65,18,noche,4
66,1,manana,6
66,1,tarde,1
66,1,noche,5
66,2,manana,6
66,2,tarde,10
66,2,noche,2
66,3,manana,6
66,3,tarde,2
66,3,noche,4
66,4,manana,4
66,4,tarde,6
66,4,noche,10
66,5,manana,7
66,5,tarde,0
66,5,noche,4
66,6,manana,6
66,6,tarde,2
66,6,noche,2
66,7,manana,6
66,7,tarde,10
66,7,noche,8
66,8,manana,1
66,8,tarde,7
66,8,noche,1
66,9,manana,5
66,9,tarde,10
66,9,noche,1
66,10,manana,10
66,10,tarde,6
66,10,noche,0
66,11,manana,2
66,11,tarde,5
66,11,noche,2
66,12,manana,9
66,12,tarde,8
66,12,noche,6
66,13,manana,10
66,13,tarde,7
66,13,noche,0
66,14,manana,7
66,14,tarde,10
66,14,noche,10
66,15,manana,6
66,15,tarde,6
66,15,noche,0
66,16,manana,4
66,16,tarde,6
66,16,noche,4
66,17,manana,10
66,17,tarde,1
66,17,noche,9
66,18,manana,7
66,18,tarde,8
66,18,noche,5
67,1,manana,7
67,1,tarde,5
67,1,noche,8
67,2,manana,5
67,2,tarde,1
67,2,noche,2
67,3,manana,6
67,3,tarde,8
67,3,noche,6
67,4,manana,10
67,4,tarde,1
67,4,noche,2
67,5,manana,0
67,5,tarde,5
67,5,noche,9
67,6,manana,4
67,6,tarde,3
67,6,noche,8
67,7,manana,9
67,7,tarde,7
67,7,noche,6
67,8,manana,0
67,8,tarde,7
67,8,noche,4
67,9,manana,0
67,9,tarde,1
67,9,noche,7
67,10,manana,7
67,10,tarde,5
67,10,noche,0
67,11,manana,9
67,11,tarde,10
67,11,noche,5
67,12,manana,4
67,12,tarde,6
67,12,noche,5
67,13,manana,10
67,13,tarde,4
67,13,noche,0
67,14,manana,8
67,14,tarde,4
67,14,noche,2
67,15,manana,4
67,15,tarde,5
67,15,noche,6
67,16,manana,0
67,16,tarde,7
67,16,noche,5
67,17,manana,4
67,17,tarde,10
67,17,noche,0
67,18,manana,9
67,18,tarde,1
67,18,noche,5
68,1,manana,0
68,1,tarde,8
68,1,noche,6
68,2,manana,3
68,2,tarde,2
68,2,noche,1
68,3,manana,8
68,3,tarde,1
68,3,noche,2
68,4,manana,2
68,4,tarde,10
68,4,noche,7
68,5,manana,6
68,5,tarde,4
68,5,noche,5
68,6,manana,7
68,6,tarde,9
68,6,noche,3
68,7,manana,8
68,7,tarde,9
68,7,noche,7
68,8,manana,0
68,8,tarde,1
68,8,noche,5
68,9,manana,5
68,9,tarde,0
68,9,noche,2
68,10,manana,9
68,10,tarde,10
68,10,noche,1
68,11,manana,6
68,11,tarde,8
68,11,noche,1
68,12,manana,5
68,12,tarde,10
68,12,noche,4
68,13,manana,6
68,13,tarde,6
68,13,noche,0
68,14,manana,2
68,14,tarde,4
68,14,noche,10
68,15,manana,1
68,15,tarde,6
68,15,noche,1
68,16,manana,3
68,16,tarde,9
68,16,noche,4
68,17,manana,4
68,17,tarde,9
68,17,noche,8
68,18,manana,8
68,18,tarde,3
68,18,noche,0
69,1,manana,5
69,1,tarde,9
69,1,noche,7
69,2,manana,3
69,2,tarde,6
69,2,noche,4
69,3,manana,2
69,3,tarde,4
69,3,noche,8
69,4,manana,10
69,4,tarde,0
69,4,noche,9
69,5,manana,6
69,5,tarde,2
69,5,noche,10
69,6,manana,4
69,6,tarde,4
69,6,noche,0
69,7,manana,6
69,7,tarde,3
69,7,noche,0
69,8,manana,6
69,8,tarde,10
69,8,noche,2
69,9,manana,4
69,9,tarde,4
69,9,noche,7
69,10,manana,9
69,10,tarde,10
69,10,noche,5
69,11,manana,1
69,11,tarde,3
69,11,noche,3
69,12,manana,0
69,12,tarde,5
69,12,noche,3
69,13,manana,1
69,13,tarde,9
69,13,noche,4
69,14,manana,9
69,14,tarde,7
69,14,noche,9
69,15,manana,6
69,15,tarde,10
69,15,noche,9
69,16,manana,5
69,16,tarde,8
69,16,noche,6
69,17,manana,7
69,17,tarde,8
69,17,noche,0
69,18,manana,5
69,18,tarde,5
69,18,noche,5
70,1,manana,5
70,1,tarde,7
70,1,noche,2
70,2,manana,7
70,2,tarde,7
70,2,noche,3
70,3,manana,8
70,3,tarde,2
70,3,noche,10
70,4,manana,6
70,4,tarde,4
70,4,noche,6
70,5,manana,0
70,5,tarde,10
70,5,noche,9
70,6,manana,1
70,6,tarde,10
70,6,noche,7
70,7,manana,8
70,7,tarde,5
70,7,noche,1
70,8,manana,3
70,8,tarde,8
70,8,noche,5
70,9,manana,4
70,9,tarde,4
70,9,noche,5
70,10,manana,7
70,10,tarde,10
70,10,noche,7
70,11,manana,0
70,11,tarde,2
70,11,noche,9
70,12,manana,9
70,12,tarde,2
70,12,noche,9
70,13,manana,5
70,13,tarde,9
70,13,noche,6
70,14,manana,6
70,14,tarde,0
70,14,noche,4
70,15,manana,8
70,15,tarde,7
70,15,noche,3
70,16,manana,6
70,16,tarde,8
70,16,noche,2
70,17,manana,6
70,17,tarde,9
70,17,noche,1
70,18,manana,1
70,18,tarde,6
70,18,noche,3
71,1,manana,3
71,1,tarde,1
71,1,noche,9
71,2,manana,4
71,2,tarde,2
71,2,noche,2
71,3,manana,6
71,3,tarde,8
71,3,noche,6
71,4,manana,5
71,4,tarde,3
71,4,noche,6
71,5,manana,9
71,5,tarde,4
71,5,noche,5
71,6,manana,5
71,6,tarde,10
71,6,noche,1
71,7,manana,10
71,7,tarde,10
71,7,noche,10
71,8,manana,10
71,8,tarde,5
71,8,noche,8
71,9,manana,8
71,9,tarde,8
71,9,noche,6
71,10,manana,3
71,10,tarde,6
71,10,noche,7
71,11,manana,7
71,11,tarde,4
71,11,noche,7
71,12,manana,2
71,12,tarde,2
71,12,noche,6
71,13,manana,4
71,13,tarde,0
71,13,noche,8
71,14,manana,5
71,14,tarde,7
71,14,noche,10
71,15,manana,2
71,15,tarde,10
71,15,noche,1
71,16,manana,6
71,16,tarde,9
71,16,noche,10
71,17,manana,6
71,17,tarde,6
71,17,noche,6
71,18,manana,3
71,18,tarde,10
71,18,noche,0
72,1,manana,9
72,1,tarde,3
72,1,noche,2
72,2,manana,9
72,2,tarde,9
72,2,noche,8
72,3,manana,1
72,3,tarde,9
72,3,noche,9
72,4,manana,6
72,4,tarde,0
72,4,noche,5
72,5,manana,9
72,5,tarde,3
72,5,noche,2
72,6,manana,9
72,6,tarde,10
72,6,noche,7
72,7,manana,10
72,7,tarde,1
72,7,noche,5
72,8,manana,0
72,8,tarde,9
72,8,noche,10
72,9,manana,6
72,9,tarde,8
72,9,noche,8
72,10,manana,3
72,10,tarde,2
72,10,noche,7
72,11,manana,5
72,11,tarde,3
72,11,noche,2
72,12,manana,7
72,12,tarde,3
72,12,noche,5
72,13,manana,2
72,13,tarde,4
72,13,noche,1
72,14,manana,0
72,14,tarde,3
72,14,noche,9
72,15,manana,7
72,15,tarde,7
72,15,noche,3
72,16,manana,10
72,16,tarde,9
72,16,noche,7
72,17,manana,3
72,17,tarde,2
72,17,noche,7
72,18,manana,8
72,18,tarde,10
72,18,noche,1
73,1,manana,9
73,1,tarde,5
73,1,noche,2
73,2,manana,3
73,2,tarde,7
73,2,noche,1
73,3,manana,0
73,3,tarde,0
73,3,noche,10
73,4,manana,10
73,4,tarde,6
73,4,noche,8
73,5,manana,7
73,5,tarde,6
73,5,noche,1
73,6,manana,6
73,6,tarde,4
73,6,noche,8
73,7,manana,1
73,7,tarde,9
73,7,noche,10
73,8,manana,8
73,8,tarde,0
73,8,noche,7
73,9,manana,7
73,9,tarde,0
73,9,noche,4
73,10,manana,6
73,10,tarde,0
73,10,noche,5
73,11,manana,6
73,11,tarde,8
73,11,noche,10
73,12,manana,10
73,12,tarde,7
73,12,noche,6
73,13,manana,1
73,13,tarde,1
73,13,noche,2
73,14,manana,4
73,14,tarde,9
73,14,noche,1
73,15,manana,2
73,15,tarde,5
73,15,noche,6
73,16,manana,10
73,16,tarde,5
73,16,noche,2
73,17,manana,3
73,17,tarde,7
73,17,noche,3
73,18,manana,4
73,18,tarde,1
73,18,noche,5
74,1,manana,10
74,1,tarde,1
74,1,noche,7
74,2,manana,7
74,2,tarde,3
74,2,noche,4
74,3,manana,5
74,3,tarde,4
74,3,noche,7
74,4,manana,5
74,4,tarde,7
74,4,noche,4
74,5,manana,9
74,5,tarde,4
74,5,noche,9
74,6,manana,0
74,6,tarde,2
74,6,noche,2
74,7,manana,8
74,7,tarde,4
74,7,noche,0
74,8,manana,3
74,8,tarde,5
74,8,noche,9
74,9,manana,5
74,9,tarde,4
74,9,noche,4
74,10,manana,2
74,10,tarde,9
74,10,noche,10
74,11,manana,4
74,11,tarde,7
74,11,noche,7
74,12,manana,10
74,12,tarde,4
74,12,noche,2
74,13,manana,2
74,13,tarde,2
74,13,noche,9
74,14,manana,4
74,14,tarde,6
74,14,noche,4
74,15,manana,10
74,15,tarde,3
74,15,noche,0
74,16,manana,3
74,16,tarde,9
74,16,noche,4
74,17,manana,2
74,17,tarde,9
74,17,noche,0
74,18,manana,4
74,18,tarde,5
74,18,noche,8
75,1,manana,8
75,1,tarde,6
75,1,noche,7
75,2,manana,9
75,2,tarde,2
75,2,noche,5
75,3,manana,10
75,3,tarde,2
75,3,noche,9
75,4,manana,8
75,4,tarde,5
75,4,noche,8
75,5,manana,5
75,5,tarde,6
75,5,noche,7
75,6,manana,10
75,6,tarde,2
75,6,noche,8
75,7,manana,7
75,7,tarde,2
75,7,noche,7
75,8,manana,6
75,8,tarde,0
75,8,noche,10
75,9,manana,1
75,9,tarde,5
75,9,noche,3
75,10,manana,4
75,10,tarde,3
75,10,noche,3
75,11,manana,2
75,11,tarde,4
75,11,noche,9
75,12,manana,1
75,12,tarde,10
75,12,noche,3
75,13,manana,5
75,13,tarde,7
75,13,noche,7
75,14,manana,9
75,14,tarde,10
75,14,noche,0
75,15,manana,8
75,15,tarde,3
75,15,noche,3
75,16,manana,5
75,16,tarde,10
75,16,noche,0
75,17,manana,6
75,17,tarde,10
75,17,noche,1
75,18,manana,5
75,18,tarde,8
75,18,noche,1
