trabajador,dia,turno,disposicion
1,1,manana,1
1,1,tarde,1
1,1,noche,2
1,2,manana,6
1,2,tarde,0
1,2,noche,0
1,3,manana,3
1,3,tarde,0
1,3,noche,8
1,4,manana,3
1,4,tarde,5
1,4,noche,6
1,5,manana,6
1,5,tarde,9
1,5,noche,1
1,6,manana,0
1,6,tarde,6
1,6,noche,2
1,7,manana,10
1,7,tarde,7
1,7,noche,1
1,8,manana,5
1,8,tarde,3
1,8,noche,1
1,9,manana,2
1,9,tarde,3
1,9,noche,4
1,10,manana,5
1,10,tarde,5
1,10,noche,0
1,11,manana,6
1,11,tarde,8
1,11,noche,8
1,12,manana,2
1,12,tarde,6
1,12,noche,9
1,13,manana,1
1,13,tarde,7
1,13,noche,10
1,14,manana,7
1,14,tarde,6
1,14,noche,8
2,1,manana,10
2,1,tarde,2
2,1,noche,9
2,2,manana,3
2,2,tarde,8
2,2,noche,4
2,3,manana,4
2,3,tarde,0
2,3,noche,1
2,4,manana,3
2,4,tarde,4
2,4,noche,8
2,5,manana,0
2,5,tarde,8
2,5,noche,7
2,6,manana,3
2,6,tarde,5
2,6,noche,4
2,7,manana,3
2,7,tarde,7
2,7,noche,10
2,8,manana,8
2,8,tarde,8
2,8,noche,2
2,9,manana,6
2,9,tarde,0
2,9,noche,3
2,10,manana,3
2,10,tarde,10
2,10,noche,5
2,11,manana,9
2,11,tarde,1
2,11,noche,0
2,12,manana,1
2,12,tarde,10
2,12,noche,5
2,13,manana,7
2,13,tarde,0
2,13,noche,9
2,14,manana,0
2,14,tarde,8
2,14,noche,5
3,1,manana,9
3,1,tarde,9
3,1,noche,1
3,2,manana,4
3,2,tarde,4
3,2,noche,9
3,3,manana,2
3,3,tarde,0
3,3,noche,7
3,4,manana,4
3,4,tarde,9
3,4,noche,2
3,5,manana,6
3,5,tarde,9
3,5,noche,9
3,6,manana,9
3,6,tarde,10
3,6,noche,6
3,7,manana,9
3,7,tarde,9
3,7,noche,6
3,8,manana,10
3,8,tarde,4
3,8,noche,8
3,9,manana,10
3,9,tarde,9
3,9,noche,9
3,10,manana,10
3,10,tarde,10
3,10,noche,7
3,11,manana,1
3,11,tarde,8
3,11,noche,4
3,12,manana,2
3,12,tarde,8
3,12,noche,5
3,13,manana,9
3,13,tarde,6
3,13,noche,10
3,14,manana,9
3,14,tarde,3
3,14,noche,2
4,1,manana,5
4,1,tarde,9
4,1,noche,1
4,2,manana,4
4,2,tarde,0
4,2,noche,8
4,3,manana,4
4,3,tarde,9
4,3,noche,9
4,4,manana,3
4,4,tarde,2
4,4,noche,3
4,5,manana,1
4,5,tarde,2
4,5,noche,3
4,6,manana,4
4,6,tarde,2
4,6,noche,6
4,7,manana,6
4,7,tarde,9
4,7,noche,8
4,8,manana,0
4,8,tarde,6
4,8,noche,9
4,9,manana,0
4,9,tarde,8
4,9,noche,7
4,10,manana,2
4,10,tarde,6
4,10,noche,10
4,11,manana,1
4,11,tarde,7
4,11,noche,6
4,12,manana,0
4,12,tarde,10
4,12,noche,7
4,13,manana,2
4,13,tarde,3
4,13,noche,4
4,14,manana,8
4,14,tarde,3
4,14,noche,8
5,1,manana,9
5,1,tarde,3
5,1,noche,5
5,2,manana,10
5,2,tarde,10
5,2,noche,9
5,3,manana,5
5,3,tarde,10
5,3,noche,3
5,4,manana,8
5,4,tarde,2
5,4,noche,10
5,5,manana,8
5,5,tarde,0
5,5,noche,4
5,6,manana,0
5,6,tarde,5
5,6,noche,6
5,7,manana,10
5,7,tarde,1
5,7,noche,2
5,8,manana,9
5,8,tarde,9
5,8,noche,6
5,9,manana,5
5,9,tarde,0
5,9,noche,8
5,10,manana,2
5,10,tarde,6
5,10,noche,9
5,11,manana,5
5,11,tarde,8
5,11,noche,10
5,12,manana,2
5,12,tarde,6
5,12,noche,10
5,13,manana,4
5,13,tarde,1
5,13,noche,8
5,14,manana,6
5,14,tarde,9
5,14,noche,6
6,1,manana,5
6,1,tarde,6
6,1,noche,10
6,2,manana,1
6,2,tarde,3
6,2,noche,0
6,3,manana,8
6,3,tarde,7
6,3,noche,6
6,4,manana,1
6,4,tarde,10
6,4,noche,10
6,5,manana,2
6,5,tarde,3
6,5,noche,8
6,6,manana,5
6,6,tarde,9
6,6,noche,5
6,7,manana,1
6,7,tarde,4
6,7,noche,3
6,8,manana,4
6,8,tarde,6
6,8,noche,8
6,9,manana,2
6,9,tarde,3
6,9,noche,9
6,10,manana,4
6,10,tarde,8
6,10,noche,4
6,11,manana,10
6,11,tarde,0
6,11,noche,0
6,12,manana,2
6,12,tarde,7
6,12,noche,3
6,13,manana,0
6,13,tarde,0
6,13,noche,10
6,14,manana,8
6,14,tarde,6
6,14,noche,9
7,1,manana,6
7,1,tarde,6
7,1,noche,1
7,2,manana,0
7,2,tarde,1
7,2,noche,6
7,3,manana,8
7,3,tarde,3
7,3,noche,1
7,4,manana,1
7,4,tarde,10
7,4,noche,3
7,5,manana,9
7,5,tarde,5
7,5,noche,0
7,6,manana,0
7,6,tarde,1
7,6,noche,6
7,7,manana,8
7,7,tarde,0
7,7,noche,9
7,8,manana,10
7,8,tarde,4
7,8,noche,1
7,9,manana,4
7,9,tarde,10
7,9,noche,9
7,10,manana,1
7,10,tarde,5
7,10,noche,0
7,11,manana,7
7,11,tarde,6
7,11,noche,2
7,12,manana,10
7,12,tarde,8
7,12,noche,3
7,13,manana,9
7,13,tarde,7
7,13,noche,10
7,14,manana,6
7,14,tarde,10
7,14,noche,2
8,1,manana,0
8,1,tarde,5
8,1,noche,3
8,2,manana,10
8,2,tarde,4
8,2,noche,4
8,3,manana,0
8,3,tarde,7
8,3,noche,7
8,4,manana,7
8,4,tarde,9
8,4,noche,4
8,5,manana,6
8,5,tarde,2
8,5,noche,0
8,6,manana,7
8,6,tarde,2
8,6,noche,6
8,7,manana,6
8,7,tarde,10
8,7,noche,2
8,8,manana,9
8,8,tarde,2
8,8,noche,5
8,9,manana,0
8,9,tarde,8
8,9,noche,1
8,10,manana,7
8,10,tarde,10
8,10,noche,7
8,11,manana,6
8,11,tarde,0
8,11,noche,2
8,12,manana,9
8,12,tarde,9
8,12,noche,1
8,13,manana,4
8,13,tarde,0
8,13,noche,6
8,14,manana,8
8,14,tarde,10
8,14,noche,8
9,1,manana,4
9,1,tarde,1
9,1,noche,3
9,2,manana,3
9,2,tarde,3
9,2,noche,7
9,3,manana,3
9,3,tarde,1
9,3,noche,2
9,4,manana,5
9,4,tarde,5
9,4,noche,2
9,5,manana,3
9,5,tarde,5
9,5,noche,6
9,6,manana,1
9,6,tarde,7
9,6,noche,8
9,7,manana,1
9,7,tarde,7
9,7,noche,0
9,8,manana,3
9,8,tarde,2
9,8,noche,10
9,9,manana,1
9,9,tarde,1
9,9,noche,9
9,10,manana,2
9,10,tarde,0
9,10,noche,6
9,11,manana,1
9,11,tarde,3
9,11,noche,6
9,12,manana,3
9,12,tarde,8
9,12,noche,10
9,13,manana,5
9,13,tarde,2
9,13,noche,7
9,14,manana,7
9,14,tarde,8
9,14,noche,9
10,1,manana,5
10,1,tarde,6
10,1,noche,1
10,2,manana,3
10,2,tarde,3
10,2,noche,7
10,3,manana,1
10,3,tarde,10
10,3,noche,8
10,4,manana,4
10,4,tarde,4
10,4,noche,4
10,5,manana,9
10,5,tarde,0
10,5,noche,2
10,6,manana,9
10,6,tarde,5
10,6,noche,0
10,7,manana,2
10,7,tarde,6
10,7,noche,4
10,8,manana,8
10,8,tarde,0
10,8,noche,1
10,9,manana,6
10,9,tarde,4
10,9,noche,4
10,10,manana,0
10,10,tarde,3
10,10,noche,7
10,11,manana,3
10,11,tarde,10
10,11,noche,4
10,12,manana,1
10,12,tarde,6
10,12,noche,7
10,13,manana,8
10,13,tarde,1
10,13,noche,2
10,14,manana,7
10,14,tarde,7
10,14,noche,10
11,1,manana,8
11,1,tarde,2
11,1,noche,2
11,2,manana,1
11,2,tarde,0
11,2,noche,2
11,3,manana,10
11,3,tarde,1
11,3,noche,7
11,4,manana,9
11,4,tarde,8
11,4,noche,2
11,5,manana,1
11,5,tarde,10
11,5,noche,3
11,6,manana,4
11,6,tarde,8
11,6,noche,6
11,7,manana,2
11,7,tarde,9
11,7,noche,8
11,8,manana,5
11,8,tarde,7
11,8,noche,10
11,9,manana,9
11,9,tarde,7
11,9,noche,3
11,10,manana,6
11,10,tarde,3
11,10,noche,8
11,11,manana,3
11,11,tarde,1
11,11,noche,8
11,12,manana,2
11,12,tarde,8
11,12,noche,10
11,13,manana,5
11,13,tarde,6
11,13,noche,0
11,14,manana,5
11,14,tarde,3
11,14,noche,9
12,1,manana,7
12,1,tarde,0
12,1,noche,7
12,2,manana,9
12,2,tarde,8
12,2,noche,10
12,3,manana,6
12,3,tarde,6
12,3,noche,10
12,4,manana,1
12,4,tarde,7
12,4,noche,7
12,5,manana,0
12,5,tarde,6
12,5,noche,7
12,6,manana,3
12,6,tarde,6
12,6,noche,8
12,7,manana,2
12,7,tarde,0
12,7,noche,5
12,8,manana,0
12,8,tarde,6
12,8,noche,8
12,9,manana,2
12,9,tarde,1
12,9,noche,10
12,10,manana,2
12,10,tarde,2
12,10,noche,3
12,11,manana,10
12,11,tarde,5
12,11,noche,5
12,12,manana,10
12,12,tarde,2
12,12,noche,1
12,13,manana,6
12,13,tarde,10
12,13,noche,10
12,14,manana,5
12,14,tarde,0
12,14,noche,5
13,1,manana,8
13,1,tarde,7
13,1,noche,1
13,2,manana,10
13,2,tarde,4
13,2,noche,6
13,3,manana,9
13,3,tarde,2
13,3,noche,1
13,4,manana,8
13,4,tarde,10
13,4,noche,2
13,5,manana,1
13,5,tarde,9
13,5,noche,2
13,6,manana,5
13,6,tarde,9
13,6,noche,6
13,7,manana,7
13,7,tarde,9
13,7,noche,0
13,8,manana,8
13,8,tarde,9
13,8,noche,8
13,9,manana,10
13,9,tarde,4
13,9,noche,3
13,10,manana,6
13,10,tarde,9
13,10,noche,9
13,11,manana,8
13,11,tarde,4
13,11,noche,8
13,12,manana,0
13,12,tarde,2
13,12,noche,2
13,13,manana,0
13,13,tarde,5
13,13,noche,0
13,14,manana,9
13,14,tarde,3
13,14,noche,10
14,1,manana,8
14,1,tarde,6
14,1,noche,9
14,2,manana,4
14,2,tarde,8
14,2,noche,4
14,3,manana,10
14,3,tarde,2
14,3,noche,4
14,4,manana,9
14,4,tarde,5
14,4,noche,9
14,5,manana,8
14,5,tarde,8
14,5,noche,10
14,6,manana,1
14,6,tarde,10
14,6,noche,1
14,7,manana,4
14,7,tarde,5
14,7,noche,7
14,8,manana,10
14,8,tarde,8
14,8,noche,8
14,9,manana,7
14,9,tarde,0
14,9,noche,10
14,10,manana,7
14,10,tarde,1
14,10,noche,5
14,11,manana,2
14,11,tarde,3
14,11,noche,8
14,12,manana,6
14,12,tarde,7
14,12,noche,6
14,13,manana,7
14,13,tarde,3
14,13,noche,8
14,14,manana,10
14,14,tarde,2
14,14,noche,0
15,1,manana,9
15,1,tarde,7
15,1,noche,4
15,2,manana,6
15,2,tarde,1
15,2,noche,9
15,3,manana,1
15,3,tarde,10
15,3,noche,10
15,4,manana,7
15,4,tarde,7
15,4,noche,9
15,5,manana,8
15,5,tarde,7
15,5,noche,6
15,6,manana,8
15,6,tarde,2
15,6,noche,9
15,7,manana,9
15,7,tarde,6
15,7,noche,8
15,8,manana,7
15,8,tarde,2
15,8,noche,2
15,9,manana,5
15,9,tarde,8
15,9,noche,9
15,10,manana,3
15,10,tarde,7
15,10,noche,0
15,11,manana,10
15,11,tarde,8
15,11,noche,5
15,12,manana,10
15,12,tarde,8
15,12,noche,0
15,13,manana,6
15,13,tarde,10
15,13,noche,2
15,14,manana,10
15,14,tarde,10
15,14,noche,3
16,1,manana,5
16,1,tarde,0
16,1,noche,4
16,2,manana,0
16,2,tarde,10
16,2,noche,5
16,3,manana,6
16,3,tarde,6
16,3,noche,9
16,4,manana,5
16,4,tarde,10
16,4,noche,7
16,5,manana,9
16,5,tarde,0
16,5,noche,0
16,6,manana,10
16,6,tarde,1
16,6,noche,2
16,7,manana,4
16,7,tarde,8
16,7,noche,2
16,8,manana,5
16,8,tarde,5
16,8,noche,4
16,9,manana,4
16,9,tarde,2
16,9,noche,8
16,10,manana,6
16,10,tarde,7
16,10,noche,9
16,11,manana,6
16,11,tarde,3
16,11,noche,2
16,12,manana,5
16,12,tarde,9
16,12,noche,4
16,13,manana,2
16,13,tarde,10
16,13,noche,3
16,14,manana,10
16,14,tarde,2
16,14,noche,10
17,1,manana,8
17,1,tarde,9
17,1,noche,4
17,2,manana,6
17,2,tarde,3
17,2,noche,3
17,3,manana,8
17,3,tarde,9
17,3,noche,1
17,4,manana,5
17,4,tarde,6
17,4,noche,2
17,5,manana,4
17,5,tarde,1
17,5,noche,10
17,6,manana,10
17,6,tarde,5
17,6,noche,2
17,7,manana,8
17,7,tarde,5
17,7,noche,7
17,8,manana,2
17,8,tarde,5
17,8,noche,6
17,9,manana,2
17,9,tarde,9
17,9,noche,2
17,10,manana,6
17,10,tarde,9
17,10,noche,3
17,11,manana,3
17,11,tarde,5
17,11,noche,8
17,12,manana,9
17,12,tarde,10
17,12,noche,5
17,13,manana,1
17,13,tarde,3
17,13,noche,8
17,14,manana,1
17,14,tarde,8
17,14,noche,6
18,1,manana,5
18,1,tarde,5
18,1,noche,0
18,2,manana,10
18,2,tarde,7
18,2,noche,8
18,3,manana,4
18,3,tarde,6
18,3,noche,8
18,4,manana,5
18,4,tarde,0
18,4,noche,9
18,5,manana,5
18,5,tarde,7
18,5,noche,10
18,6,manana,4
18,6,tarde,4
18,6,noche,3
18,7,manana,0
18,7,tarde,3
18,7,noche,4
18,8,manana,10
18,8,tarde,9
18,8,noche,1
18,9,manana,10
18,9,tarde,8
18,9,noche,9
18,10,manana,1
18,10,tarde,1
18,10,noche,7
18,11,manana,9
18,11,tarde,7
18,11,noche,2
18,12,manana,0
18,12,tarde,3
18,12,noche,8
18,13,manana,5
18,13,tarde,9
18,13,noche,3
18,14,manana,4
18,14,tarde,0
18,14,noche,1
19,1,manana,5
19,1,tarde,3
19,1,noche,6
19,2,manana,4
19,2,tarde,1
19,2,noche,5
19,3,manana,4
19,3,tarde,7
19,3,noche,1
19,4,manana,5
19,4,tarde,5
19,4,noche,3
19,5,manana,1
19,5,tarde,3
19,5,noche,2
19,6,manana,5
19,6,tarde,9
19,6,noche,3
19,7,manana,6
19,7,tarde,7
19,7,noche,8
19,8,manana,1
19,8,tarde,3
19,8,noche,6
19,9,manana,7
19,9,tarde,5
19,9,noche,0
19,10,manana,0
19,10,tarde,9
19,10,noche,4
19,11,manana,2
19,11,tarde,10
19,11,noche,1
19,12,manana,4
19,12,tarde,1
19,12,noche,0
19,13,manana,5
19,13,tarde,2
19,13,noche,7
19,14,manana,6
19,14,tarde,9
19,14,noche,8
20,1,manana,1
20,1,tarde,9
20,1,noche,8
20,2,manana,7
20,2,tarde,8
20,2,noche,0
20,3,manana,9
20,3,tarde,2
20,3,noche,7
20,4,manana,0
20,4,tarde,4
20,4,noche,5
20,5,manana,2
20,5,tarde,3
20,5,noche,8
20,6,manana,8
20,6,tarde,8
20,6,noche,5
20,7,manana,6
20,7,tarde,2
20,7,noche,2
20,8,manana,5
20,8,tarde,8
20,8,noche,6
20,9,manana,6
20,9,tarde,0
20,9,noche,5
20,10,manana,9
20,10,tarde,8
20,10,noche,6
20,11,manana,7
20,11,tarde,8
20,11,noche,7
20,12,manana,4
20,12,tarde,4
20,12,noche,2
20,13,manana,2
20,13,tarde,7
20,13,noche,5
20,14,manana,8
20,14,tarde,5
20,14,noche,10
21,1,manana,4
21,1,tarde,8
21,1,noche,10
21,2,manana,5
21,2,tarde,9
21,2,noche,6
21,3,manana,5
21,3,tarde,5
21,3,noche,9
21,4,manana,4
21,4,tarde,2
21,4,noche,8
21,5,manana,2
21,5,tarde,4
21,5,noche,9
21,6,manana,1
21,6,tarde,1
21,6,noche,6
21,7,manana,5
21,7,tarde,0
21,7,noche,2
21,8,manana,0
21,8,tarde,0
21,8,noche,0
21,9,manana,2
21,9,tarde,4
21,9,noche,5
21,10,manana,10
21,10,tarde,3
21,10,noche,9
21,11,manana,10
21,11,tarde,3
21,11,noche,1
21,12,manana,3
21,12,tarde,2
21,12,noche,10
21,13,manana,1
21,13,tarde,5
21,13,noche,5
21,14,manana,1
21,14,tarde,3
21,14,noche,0
22,1,manana,5
22,1,tarde,5
22,1,noche,7
22,2,manana,0
22,2,tarde,8
22,2,noche,3
22,3,manana,10
22,3,tarde,10
22,3,noche,6
22,4,manana,8
22,4,tarde,2
22,4,noche,10
22,5,manana,1
22,5,tarde,4
22,5,noche,4
22,6,manana,4
22,6,tarde,8
22,6,noche,8
22,7,manana,9
22,7,tarde,6
22,7,noche,6
22,8,manana,9
22,8,tarde,9
22,8,noche,7
22,9,manana,2
22,9,tarde,7
22,9,noche,3
22,10,manana,6
22,10,tarde,7
22,10,noche,10
22,11,manana,7
22,11,tarde,4
22,11,noche,10
22,12,manana,6
22,12,tarde,2
22,12,noche,0
22,13,manana,2
22,13,tarde,5
22,13,noche,8
22,14,manana,2
22,14,tarde,5
22,14,noche,4
23,1,manana,3
23,1,tarde,1
23,1,noche,8
23,2,manana,3
23,2,tarde,2
23,2,noche,8
23,3,manana,1
23,3,tarde,2
23,3,noche,3
23,4,manana,1
23,4,tarde,2
23,4,noche,3
23,5,manana,9
23,5,tarde,2
23,5,noche,10
23,6,manana,0
23,6,tarde,10
23,6,noche,4
23,7,manana,9
23,7,tarde,1
23,7,noche,0
23,8,manana,6
23,8,tarde,0
23,8,noche,1
23,9,manana,8
23,9,tarde,3
23,9,noche,6
23,10,manana,4
23,10,tarde,7
23,10,noche,2
23,11,manana,3
23,11,tarde,8
23,11,noche,7
23,12,manana,5
23,12,tarde,0
23,12,noche,8
23,13,manana,2
23,13,tarde,7
23,13,noche,6
23,14,manana,8
23,14,tarde,1
23,14,noche,10
24,1,manana,7
24,1,tarde,2
24,1,noche,2
24,2,manana,5
24,2,tarde,7
24,2,noche,7
24,3,manana,5
24,3,tarde,4
24,3,noche,5
24,4,manana,8
24,4,tarde,10
24,4,noche,4
24,5,manana,7
24,5,tarde,2
24,5,noche,6
24,6,manana,2
24,6,tarde,9
24,6,noche,0
24,7,manana,5
24,7,tarde,2
24,7,noche,9
24,8,manana,1
24,8,tarde,8
24,8,noche,10
24,9,manana,7
24,9,tarde,6
24,9,noche,10
24,10,manana,8
24,10,tarde,3
24,10,noche,1
24,11,manana,6
24,11,tarde,0
24,11,noche,8
24,12,manana,2
24,12,tarde,7
24,12,noche,1
24,13,manana,10
24,13,tarde,7
24,13,noche,2
24,14,manana,1
24,14,tarde,7
24,14,noche,10
25,1,manana,3
25,1,tarde,3
25,1,noche,7
25,2,manana,3
25,2,tarde,9
25,2,noche,10
25,3,manana,9
25,3,tarde,2
25,3,noche,0
25,4,manana,5
25,4,tarde,2
25,4,noche,2
25,5,manana,2
25,5,tarde,9
25,5,noche,9
25,6,manana,9
25,6,tarde,3
25,6,noche,6
25,7,manana,2
25,7,tarde,1
25,7,noche,6
25,8,manana,5
25,8,tarde,10
25,8,noche,9
25,9,manana,1
25,9,tarde,10
25,9,noche,4
25,10,manana,3
25,10,tarde,8
25,10,noche,8
25,11,manana,2
25,11,tarde,3
25,11,noche,2
25,12,manana,5
25,12,tarde,10
25,12,noche,5
25,13,manana,3
25,13,tarde,9
25,13,noche,8
25,14,manana,3
25,14,tarde,5
25,14,noche,8
26,1,manana,4
26,1,tarde,4
26,1,noche,6
26,2,manana,1
26,2,tarde,7
26,2,noche,10
26,3,manana,7
26,3,tarde,7
26,3,noche,3
26,4,manana,2
26,4,tarde,6
26,4,noche,4
26,5,manana,3
26,5,tarde,0
26,5,noche,9
26,6,manana,5
26,6,tarde,4
26,6,noche,4
26,7,manana,9
26,7,tarde,7
26,7,noche,9
26,8,manana,1
26,8,tarde,2
26,8,noche,7
26,9,manana,9
26,9,tarde,9
26,9,noche,7
26,10,manana,0
26,10,tarde,2
26,10,noche,9
26,11,manana,2
26,11,tarde,7
26,11,noche,1
26,12,manana,2
26,12,tarde,0
26,12,noche,5
26,13,manana,3
26,13,tarde,10
26,13,noche,9
26,14,manana,7
26,14,tarde,8
26,14,noche,7
27,1,manana,1
27,1,tarde,3
27,1,noche,7
27,2,manana,5
27,2,tarde,2
27,2,noche,9
27,3,manana,8
27,3,tarde,8
27,3,noche,3
27,4,manana,2
27,4,tarde,2
27,4,noche,0
27,5,manana,10
27,5,tarde,1
27,5,noche,2
27,6,manana,5
27,6,tarde,6
27,6,noche,0
27,7,manana,8
27,7,tarde,3
27,7,noche,2
27,8,manana,0
27,8,tarde,0
27,8,noche,4
27,9,manana,8
27,9,tarde,7
27,9,noche,9
27,10,manana,10
27,10,tarde,7
27,10,noche,8
27,11,manana,8
27,11,tarde,8
27,11,noche,9
27,12,manana,7
27,12,tarde,5
27,12,noche,10
27,13,manana,3
27,13,tarde,5
27,13,noche,10
27,14,manana,8
27,14,tarde,5
27,14,noche,2
28,1,manana,3
28,1,tarde,10
28,1,noche,8
28,2,manana,6
28,2,tarde,0
28,2,noche,0
28,3,manana,3
28,3,tarde,0
28,3,noche,4
28,4,manana,4
28,4,tarde,3
28,4,noche,6
28,5,manana,10
28,5,tarde,1
28,5,noche,9
28,6,manana,9
28,6,tarde,5
28,6,noche,1
28,7,manana,7
28,7,tarde,1
28,7,noche,5
28,8,manana,2
28,8,tarde,3
28,8,noche,9
28,9,manana,1
28,9,tarde,0
28,9,noche,2
28,10,manana,10
28,10,tarde,9
28,10,noche,2
28,11,manana,9
28,11,tarde,5
28,11,noche,10
28,12,manana,0
28,12,tarde,1
28,12,noche,4
28,13,manana,3
28,13,tarde,7
28,13,noche,4
28,14,manana,10
28,14,tarde,8
28,14,noche,3
29,1,manana,0
29,1,tarde,9
29,1,noche,3
29,2,manana,0
29,2,tarde,9
29,2,noche,6
29,3,manana,7
29,3,tarde,1
29,3,noche,3
29,4,manana,10
29,4,tarde,9
29,4,noche,7
29,5,manana,1
29,5,tarde,9
29,5,noche,1
29,6,manana,2
29,6,tarde,6
29,6,noche,0
29,7,manana,10
29,7,tarde,2
29,7,noche,2
29,8,manana,1
29,8,tarde,3
29,8,noche,2
29,9,manana,1
29,9,tarde,10
29,9,noche,7
29,10,manana,6
29,10,tarde,7
29,10,noche,10
29,11,manana,2
29,11,tarde,0
29,11,noche,1
29,12,manana,9
29,12,tarde,10
29,12,noche,1
29,13,manana,1
29,13,tarde,1
29,13,noche,6
29,14,manana,6
29,14,tarde,1
29,14,noche,2
30,1,manana,2
30,1,tarde,0
30,1,noche,1
30,2,manana,9
30,2,tarde,0
30,2,noche,7
30,3,manana,2
30,3,tarde,5
30,3,noche,10
30,4,manana,8
30,4,tarde,7
30,4,noche,3
30,5,manana,3
30,5,tarde,9
30,5,noche,3
30,6,manana,0
30,6,tarde,4
30,6,noche,9
30,7,manana,3
30,7,tarde,6
30,7,noche,6
30,8,manana,5
30,8,tarde,3
30,8,noche,8
30,9,manana,0
30,9,tarde,10
30,9,noche,2
30,10,manana,7
30,10,tarde,10
30,10,noche,10
30,11,manana,4
30,11,tarde,8
30,11,noche,1
30,12,manana,2
30,12,tarde,4
30,12,noche,2
30,13,manana,1
30,13,tarde,1
30,13,noche,4
30,14,manana,0
30,14,tarde,8
30,14,noche,10
31,1,manana,6
31,1,tarde,10
31,1,noche,8
31,2,manana,2
31,2,tarde,5
31,2,noche,0
31,3,manana,9
31,3,tarde,10
31,3,noche,5
31,4,manana,2
31,4,tarde,2
31,4,noche,9
31,5,manana,4
31,5,tarde,6
31,5,noche,2
31,6,manana,0
31,6,tarde,9
31,6,noche,3
31,7,manana,5
31,7,tarde,5
31,7,noche,6
31,8,manana,1
31,8,tarde,10
31,8,noche,0
31,9,manana,3
31,9,tarde,10
31,9,noche,9
31,10,manana,9
31,10,tarde,5
31,10,noche,2
31,11,manana,9
31,11,tarde,7
31,11,noche,0
31,12,manana,1
31,12,tarde,3
31,12,noche,7
31,13,manana,1
31,13,tarde,2
31,13,noche,4
31,14,manana,3
31,14,tarde,6
31,14,noche,5
32,1,manana,8
32,1,tarde,5
32,1,noche,8
32,2,manana,5
32,2,tarde,6
32,2,noche,4
32,3,manana,2
32,3,tarde,3
32,3,noche,0
32,4,manana,4
32,4,tarde,1
32,4,noche,2
32,5,manana,0
32,5,tarde,2
32,5,noche,7
32,6,manana,0
32,6,tarde,6
32,6,noche,1
32,7,manana,5
32,7,tarde,9
32,7,noche,2
32,8,manana,7
32,8,tarde,3
32,8,noche,8
32,9,manana,7
32,9,tarde,4
32,9,noche,0
32,10,manana,2
32,10,tarde,9
32,10,noche,9
32,11,manana,0
32,11,tarde,7
32,11,noche,1
32,12,manana,6
32,12,tarde,6
32,12,noche,9
32,13,manana,0
32,13,tarde,6
32,13,noche,3
32,14,manana,2
32,14,tarde,2
32,14,noche,4
33,1,manana,8
33,1,tarde,10
33,1,noche,1
33,2,manana,5
33,2,tarde,5
33,2,noche,4
33,3,manana,2
33,3,tarde,10
33,3,noche,10
33,4,manana,10
33,4,tarde,0
33,4,noche,3
33,5,manana,4
33,5,tarde,0
33,5,noche,3
33,6,manana,0
33,6,tarde,1
33,6,noche,0
33,7,manana,9
33,7,tarde,5
33,7,noche,6
33,8,manana,7
33,8,tarde,9
33,8,noche,10
33,9,manana,7
33,9,tarde,5
33,9,noche,6
33,10,manana,4
33,10,tarde,9
33,10,noche,1
33,11,manana,5
33,11,tarde,7
33,11,noche,9
33,12,manana,10
33,12,tarde,5
33,12,noche,5
33,13,manana,4
33,13,tarde,6
33,13,noche,2
33,14,manana,3
33,14,tarde,4
33,14,noche,7
34,1,manana,1
34,1,tarde,2
34,1,noche,4
34,2,manana,7
34,2,tarde,6
34,2,noche,0
34,3,manana,1
34,3,tarde,0
34,3,noche,8
34,4,manana,0
34,4,tarde,1
34,4,noche,8
34,5,manana,1
34,5,tarde,0
34,5,noche,3
34,6,manana,0
34,6,tarde,6
34,6,noche,8
34,7,manana,3
34,7,tarde,1
34,7,noche,7
34,8,manana,6
34,8,tarde,4
34,8,noche,1
34,9,manana,7
34,9,tarde,2
34,9,noche,6
34,10,manana,8
34,10,tarde,0
34,10,noche,8
34,11,manana,0
34,11,tarde,8
34,11,noche,1
34,12,manana,10
34,12,tarde,5
34,12,noche,7
34,13,manana,1
34,13,tarde,2
34,13,noche,9
34,14,manana,0
34,14,tarde,1
34,14,noche,5
35,1,manana,0
35,1,tarde,7
35,1,noche,1
35,2,manana,3
35,2,tarde,8
35,2,noche,0
35,3,manana,6
35,3,tarde,7
35,3,noche,1
35,4,manana,3
35,4,tarde,0
35,4,noche,7
35,5,manana,3
35,5,tarde,5
35,5,noche,1
35,6,manana,0
35,6,tarde,4
35,6,noche,5
35,7,manana,8
35,7,tarde,4
35,7,noche,7
35,8,manana,4
35,8,tarde,3
35,8,noche,6
35,9,manana,2
35,9,tarde,1
35,9,noche,3
35,10,manana,0
35,10,tarde,0
35,10,noche,9
35,11,manana,6
35,11,tarde,2
35,11,noche,5
35,12,manana,8
35,12,tarde,8
35,12,noche,10
35,13,manana,5
35,13,tarde,7
35,13,noche,6
35,14,manana,6
35,14,tarde,9
35,14,noche,4
36,1,manana,7
36,1,tarde,0
36,1,noche,3
36,2,manana,1
36,2,tarde,8
36,2,noche,0
36,3,manana,5
36,3,tarde,3
36,3,noche,10
36,4,manana,3
36,4,tarde,9
36,4,noche,6
36,5,manana,2
36,5,tarde,7
36,5,noche,4
36,6,manana,6
36,6,tarde,6
36,6,noche,6
36,7,manana,2
36,7,tarde,1
36,7,noche,5
36,8,manana,9
36,8,tarde,1
36,8,noche,8
36,9,manana,3
36,9,tarde,2
36,9,noche,7
36,10,manana,0
36,10,tarde,0
36,10,noche,0
36,11,manana,4
36,11,tarde,6
36,11,noche,6
36,12,manana,6
36,12,tarde,1
36,12,noche,4
36,13,manana,5
36,13,tarde,10
36,13,noche,9
36,14,manana,0
36,14,tarde,1
36,14,noche,1
37,1,manana,0
37,1,tarde,7
37,1,noche,9
37,2,manana,7
37,2,tarde,10
37,2,noche,7
37,3,manana,1
37,3,tarde,4
37,3,noche,0
37,4,manana,0
37,4,tarde,10
37,4,noche,4
37,5,manana,9
37,5,tarde,3
37,5,noche,8
37,6,manana,8
37,6,tarde,1
37,6,noche,9
37,7,manana,10
37,7,tarde,4
37,7,noche,9
37,8,manana,0
37,8,tarde,5
37,8,noche,3
37,9,manana,10
37,9,tarde,1
37,9,noche,5
37,10,manana,2
37,10,tarde,0
37,10,noche,4
37,11,manana,9
37,11,tarde,9
37,11,noche,8
37,12,manana,0
37,12,tarde,9
37,12,noche,4
37,13,manana,10
37,13,tarde,9
37,13,noche,7
37,14,manana,6
37,14,tarde,9
37,14,noche,8
38,1,manana,7
38,1,tarde,10
38,1,noche,3
38,2,manana,10
38,2,tarde,1
38,2,noche,3
38,3,manana,7
38,3,tarde,9
38,3,noche,7
38,4,manana,10
38,4,tarde,1
38,4,noche,6
38,5,manana,6
38,5,tarde,9
38,5,noche,8
38,6,manana,4
38,6,tarde,1
38,6,noche,6
38,7,manana,6
38,7,tarde,1
38,7,noche,2
38,8,manana,3
38,8,tarde,7
38,8,noche,4
38,9,manana,0
38,9,tarde,7
38,9,noche,7
38,10,manana,9
38,10,tarde,4
38,10,noche,3
38,11,manana,3
38,11,tarde,2
38,11,noche,5
38,12,manana,6
38,12,tarde,2
38,12,noche,3
38,13,manana,8
38,13,tarde,10
38,13,noche,9
38,14,manana,9
38,14,tarde,4
38,14,noche,9
39,1,manana,9
39,1,tarde,1
39,1,noche,9
39,2,manana,7
39,2,tarde,0
39,2,noche,1
39,3,manana,4
39,3,tarde,2
39,3,noche,6
39,4,manana,10
39,4,tarde,2
39,4,noche,0
39,5,manana,3
39,5,tarde,7
39,5,noche,0
39,6,manana,8
39,6,tarde,7
39,6,noche,8
39,7,manana,2
39,7,tarde,1
39,7,noche,1
39,8,manana,6
39,8,tarde,0
39,8,noche,2
39,9,manana,10
39,9,tarde,10
39,9,noche,10
39,10,manana,0
39,10,tarde,10
39,10,noche,10
39,11,manana,10
39,11,tarde,4
39,11,noche,1
39,12,manana,8
39,12,tarde,1
39,12,noche,3
39,13,manana,5
39,13,tarde,10
39,13,noche,9
39,14,manana,9
39,14,tarde,8
39,14,noche,9
40,1,manana,8
40,1,tarde,9
40,1,noche,7
40,2,manana,2
40,2,tarde,1
40,2,noche,1
40,3,manana,7
40,3,tarde,0
40,3,noche,8
40,4,manana,8
40,4,tarde,10
40,4,noche,9
40,5,manana,4
40,5,tarde,10
40,5,noche,8
40,6,manana,0
40,6,tarde,1
40,6,noche,8
40,7,manana,6
40,7,tarde,4
40,7,noche,4
40,8,manana,8
40,8,tarde,2
40,8,noche,2
40,9,manana,1
40,9,tarde,7
40,9,noche,5
40,10,manana,8
40,10,tarde,8
40,10,noche,3
40,11,manana,9
40,11,tarde,7
40,11,noche,8
40,12,manana,5
40,12,tarde,7
40,12,noche,0
40,13,manana,8
40,13,tarde,2
40,13,noche,0
40,14,manana,0
40,14,tarde,4
40,14,noche,8
41,1,manana,0
41,1,tarde,6
41,1,noche,7
41,2,manana,5
41,2,tarde,7
41,2,noche,10
41,3,manana,1
41,3,tarde,2
41,3,noche,3
41,4,manana,6
41,4,tarde,9
41,4,noche,1
41,5,manana,4
41,5,tarde,9
41,5,noche,6
41,6,manana,1
41,6,tarde,10
41,6,noche,10
41,7,manana,1
41,7,tarde,2
41,7,noche,8
41,8,manana,7
41,8,tarde,10
41,8,noche,9
41,9,manana,4
41,9,tarde,2
41,9,noche,9
41,10,manana,10
41,10,tarde,6
41,10,noche,8
41,11,manana,8
41,11,tarde,2
41,11,noche,7
41,12,manana,6
41,12,tarde,9
41,12,noche,10
41,13,manana,7
41,13,tarde,10
41,13,noche,10
41,14,manana,0
41,14,tarde,4
41,14,noche,0
42,1,manana,9
42,1,tarde,5
42,1,noche,3
42,2,manana,1
42,2,tarde,4
42,2,noche,1
42,3,manana,9
42,3,tarde,6
42,3,noche,1
42,4,manana,5
42,4,tarde,6
42,4,noche,0
42,5,manana,7
42,5,tarde,8
42,5,noche,10
42,6,manana,3
42,6,tarde,2
42,6,noche,7
42,7,manana,4
42,7,tarde,10
42,7,noche,8
42,8,manana,8
42,8,tarde,3
42,8,noche,5
42,9,manana,6
42,9,tarde,5
42,9,noche,1
42,10,manana,7
42,10,tarde,9
42,10,noche,10
42,11,manana,10
42,11,tarde,10
42,11,noche,6
42,12,manana,2
42,12,tarde,4
42,12,noche,10
42,13,manana,0
42,13,tarde,9
42,13,noche,6
42,14,manana,10
42,14,tarde,4
42,14,noche,9
43,1,manana,6
43,1,tarde,6
43,1,noche,8
43,2,manana,3
43,2,tarde,4
43,2,noche,9
43,3,manana,6
43,3,tarde,0
43,3,noche,4
43,4,manana,7
43,4,tarde,8
43,4,noche,4
43,5,manana,2
43,5,tarde,1
43,5,noche,7
43,6,manana,0
43,6,tarde,2
43,6,noche,8
43,7,manana,5
43,7,tarde,1
43,7,noche,6
43,8,manana,2
43,8,tarde,2
43,8,noche,5
43,9,manana,9
43,9,tarde,3
43,9,noche,10
43,10,manana,6
43,10,tarde,4
43,10,noche,8
43,11,manana,8
43,11,tarde,2
43,11,noche,0
43,12,manana,8
43,12,tarde,9
43,12,noche,3
43,13,manana,4
43,13,tarde,8
43,13,noche,6
43,14,manana,8
43,14,tarde,8
43,14,noche,3
44,1,manana,9
44,1,tarde,0
44,1,noche,6
44,2,manana,2
44,2,tarde,4
44,2,noche,6
44,3,manana,7
44,3,tarde,2
44,3,noche,8
44,4,manana,7
44,4,tarde,9
44,4,noche,9
44,5,manana,1
44,5,tarde,6
44,5,noche,0
44,6,manana,9
44,6,tarde,1
44,6,noche,1
44,7,manana,4
44,7,tarde,1
44,7,noche,3
44,8,manana,1
44,8,tarde,9
44,8,noche,3
44,9,manana,5
44,9,tarde,10
44,9,noche,9
44,10,manana,10
44,10,tarde,2
44,10,noche,3
44,11,manana,6
44,11,tarde,1
44,11,noche,3
44,12,manana,3
44,12,tarde,7
44,12,noche,6
44,13,manana,0
44,13,tarde,5
44,13,noche,2
44,14,manana,3
44,14,tarde,0
44,14,noche,4
45,1,manana,5
45,1,tarde,8
45,1,noche,8
45,2,manana,1
45,2,tarde,6
45,2,noche,5
45,3,manana,0
45,3,tarde,2
45,3,noche,5
45,4,manana,4
45,4,tarde,4
45,4,noche,7
45,5,manana,2
45,5,tarde,4
45,5,noche,1
45,6,manana,9
45,6,tarde,1
45,6,noche,6
45,7,manana,5
45,7,tarde,10
45,7,noche,0
45,8,manana,3
45,8,tarde,4
45,8,noche,4
45,9,manana,0
45,9,tarde,9
45,9,noche,6
45,10,manana,6
45,10,tarde,1
45,10,noche,7
45,11,manana,7
45,11,tarde,1
45,11,noche,8
45,12,manana,2
45,12,tarde,4
45,12,noche,9
45,13,manana,8
45,13,tarde,9
45,13,noche,8
45,14,manana,10
45,14,tarde,0
45,14,noche,8
46,1,manana,8
46,1,tarde,0
46,1,noche,6
46,2,manana,7
46,2,tarde,8
46,2,noche,2
46,3,manana,1
46,3,tarde,4
46,3,noche,1
46,4,manana,7
46,4,tarde,4
46,4,noche,6
46,5,manana,8
46,5,tarde,1
46,5,noche,3
46,6,manana,5
46,6,tarde,9
46,6,noche,2
46,7,manana,6
46,7,tarde,10
46,7,noche,6
46,8,manana,4
46,8,tarde,8
46,8,noche,6
46,9,manana,9
46,9,tarde,10
46,9,noche,8
46,10,manana,9
46,10,tarde,3
46,10,noche,9
46,11,manana,6
46,11,tarde,9
46,11,noche,8
46,12,manana,7
46,12,tarde,4
46,12,noche,8
46,13,manana,6
46,13,tarde,9
46,13,noche,4
46,14,manana,1
46,14,tarde,5
46,14,noche,5
47,1,manana,9
47,1,tarde,4
47,1,noche,5
47,2,manana,10
47,2,tarde,0
47,2,noche,1
47,3,manana,1
47,3,tarde,9
47,3,noche,2
47,4,manana,9
47,4,tarde,10
47,4,noche,2
47,5,manana,0
47,5,tarde,10
47,5,noche,7
47,6,manana,5
47,6,tarde,3
47,6,noche,6
47,7,manana,0
47,7,tarde,5
47,7,noche,1
47,8,manana,1
47,8,tarde,7
47,8,noche,1
47,9,manana,6
47,9,tarde,10
47,9,noche,0
47,10,manana,3
47,10,tarde,9
47,10,noche,8
47,11,manana,8
47,11,tarde,6
47,11,noche,3
47,12,manana,6
47,12,tarde,5
47,12,noche,3
47,13,manana,6
47,13,tarde,10
47,13,noche,2
47,14,manana,1
47,14,tarde,8
47,14,noche,9
48,1,manana,4
48,1,tarde,5
48,1,noche,5
48,2,manana,9
48,2,tarde,0
48,2,noche,6
48,3,manana,7
48,3,tarde,0
48,3,noche,0
48,4,manana,0
48,4,tarde,9
48,4,noche,10
48,5,manana,10
48,5,tarde,9
48,5,noche,4
48,6,manana,2
48,6,tarde,4
48,6,noche,8
48,7,manana,9
48,7,tarde,4
48,7,noche,2
48,8,manana,0
48,8,tarde,4
48,8,noche,6
48,9,manana,6
48,9,tarde,10
48,9,noche,4
48,10,manana,8
48,10,tarde,9
48,10,noche,6
48,11,manana,6
48,11,tarde,7
48,11,noche,6
48,12,manana,0
48,12,tarde,5
48,12,noche,6
48,13,manana,4
48,13,tarde,2
48,13,noche,0
48,14,manana,4
48,14,tarde,5
48,14,noche,6
49,1,manana,5
49,1,tarde,7
49,1,noche,7
49,2,manana,5
49,2,tarde,8
49,2,noche,0
49,3,manana,9
49,3,tarde,7
49,3,noche,4
49,4,manana,5
49,4,tarde,3
49,4,noche,3
49,5,manana,8
49,5,tarde,9
49,5,noche,0
49,6,manana,6
49,6,tarde,2
49,6,noche,3
49,7,manana,5
49,7,tarde,4
49,7,noche,6
49,8,manana,6
49,8,tarde,2
49,8,noche,10
49,9,manana,2
49,9,tarde,6
49,9,noche,5
49,10,manana,4
49,10,tarde,0
49,10,noche,1
49,11,manana,6
49,11,tarde,10
49,11,noche,5
49,12,manana,9
49,12,tarde,9
49,12,noche,5
49,13,manana,3
49,13,tarde,0
49,13,noche,0
49,14,manana,10
49,14,tarde,6
49,14,noche,2
50,1,manana,2
50,1,tarde,1
50,1,noche,2
50,2,manana,2
50,2,tarde,4
50,2,noche,2
50,3,manana,7
50,3,tarde,6
50,3,noche,7
50,4,manana,10
50,4,tarde,7
50,4,noche,4
50,5,manana,6
50,5,tarde,2
50,5,noche,5
50,6,manana,9
50,6,tarde,1
50,6,noche,6
50,7,manana,0
50,7,tarde,1
50,7,noche,1
50,8,manana,2
50,8,tarde,4
50,8,noche,1
50,9,manana,1
50,9,tarde,5
50,9,noche,8
50,10,manana,4
50,10,tarde,8
50,10,noche,8
50,11,manana,10
50,11,tarde,6
50,11,noche,0
50,12,manana,0
50,12,tarde,8
50,12,noche,0
50,13,manana,1
50,13,tarde,7
50,13,noche,9
50,14,manana,8
50,14,tarde,6
50,14,noche,7
51,1,manana,7
51,1,tarde,8
51,1,noche,2
51,2,manana,3
51,2,tarde,1
51,2,noche,2
51,3,manana,9
51,3,tarde,9
51,3,noche,5
51,4,manana,7
51,4,tarde,0
51,4,noche,4
51,5,manana,7
51,5,tarde,2
51,5,noche,6
51,6,manana,4
51,6,tarde,2
51,6,noche,10
51,7,manana,6
51,7,tarde,1
51,7,noche,2
51,8,manana,1
51,8,tarde,2
51,8,noche,0
51,9,manana,3
51,9,tarde,8
51,9,noche,4
51,10,manana,3
51,10,tarde,7
51,10,noche,5
51,11,manana,3
51,11,tarde,6
51,11,noche,5
51,12,manana,9
51,12,tarde,6
51,12,noche,8
51,13,manana,0
51,13,tarde,7
51,13,noche,8
51,14,manana,5
51,14,tarde,10
51,14,noche,2
52,1,manana,5
52,1,tarde,4
52,1,noche,8
52,2,manana,2
52,2,tarde,4
52,2,noche,2
52,3,manana,1
52,3,tarde,10
52,3,noche,8
52,4,manana,3
52,4,tarde,8
52,4,noche,5
52,5,manana,4
52,5,tarde,5
52,5,noche,4
52,6,manana,0
52,6,tarde,0
52,6,noche,10
52,7,manana,6
52,7,tarde,4
52,7,noche,4
52,8,manana,10
52,8,tarde,5
52,8,noche,4
52,9,manana,10
52,9,tarde,7
52,9,noche,5
52,10,manana,2
52,10,tarde,3
52,10,noche,1
52,11,manana,1
52,11,tarde,2
52,11,noche,3
52,12,manana,2
52,12,tarde,7
52,12,noche,4
52,13,manana,8
52,13,tarde,9
52,13,noche,7
52,14,manana,10
52,14,tarde,9
52,14,noche,1
53,1,manana,7
53,1,tarde,7
53,1,noche,6
53,2,manana,3
53,2,tarde,3
53,2,noche,10
53,3,manana,4
53,3,tarde,10
53,3,noche,10
53,4,manana,10
53,4,tarde,2
53,4,noche,7
53,5,manana,2
53,5,tarde,0
53,5,noche,3
53,6,manana,8
53,6,tarde,8
53,6,noche,6
53,7,manana,10
53,7,tarde,2
53,7,noche,1
53,8,manana,7
53,8,tarde,5
53,8,noche,0
53,9,manana,10
53,9,tarde,8
53,9,noche,0
53,10,manana,1
53,10,tarde,9
53,10,noche,6
53,11,manana,3
53,11,tarde,0
53,11,noche,4
53,12,manana,5
53,12,tarde,10
53,12,noche,3
53,13,manana,0
53,13,tarde,6
53,13,noche,9
53,14,manana,3
53,14,tarde,5
53,14,noche,8
54,1,manana,8
54,1,tarde,2
54,1,noche,4
54,2,manana,9
54,2,tarde,3
54,2,noche,5
54,3,manana,3
54,3,tarde,4
54,3,noche,0
54,4,manana,0
54,4,tarde,10
54,4,noche,1
54,5,manana,8
54,5,tarde,1
54,5,noche,6
54,6,manana,7
54,6,tarde,7
54,6,noche,8
54,7,manana,4
54,7,tarde,8
54,7,noche,1
54,8,manana,6
54,8,tarde,5
54,8,noche,2
54,9,manana,4
54,9,tarde,4
54,9,noche,4
54,10,manana,10
54,10,tarde,5
54,10,noche,4
54,11,manana,4
54,11,tarde,6
54,11,noche,0
54,12,manana,8
54,12,tarde,3
54,12,noche,8
54,13,manana,5
54,13,tarde,1
54,13,noche,7
54,14,manana,9
54,14,tarde,9
54,14,noche,3
55,1,manana,7
55,1,tarde,8
55,1,noche,1
55,2,manana,0
55,2,tarde,10
55,2,noche,10
55,3,manana,10
55,3,tarde,10
55,3,noche,5
55,4,manana,3
55,4,tarde,10
55,4,noche,9
55,5,manana,1
55,5,tarde,2
55,5,noche,8
55,6,manana,7
55,6,tarde,8
55,6,noche,8
55,7,manana,10
55,7,tarde,4
55,7,noche,8
55,8,manana,6
55,8,tarde,9
55,8,noche,9
55,9,manana,9
55,9,tarde,6
55,9,noche,9
55,10,manana,8
55,10,tarde,8
55,10,noche,2
55,11,manana,9
55,11,tarde,0
55,11,noche,4
55,12,manana,5
55,12,tarde,7
55,12,noche,9
55,13,manana,2
55,13,tarde,7
55,13,noche,1
55,14,manana,4
55,14,tarde,7
55,14,noche,10
56,1,manana,2
56,1,tarde,4
56,1,noche,6
56,2,manana,3
56,2,tarde,0
56,2,noche,1
56,3,manana,9
56,3,tarde,8
56,3,noche,6
56,4,manana,4
56,4,tarde,2
56,4,noche,4
56,5,manana,2
56,5,tarde,3
56,5,noche,8
56,6,manana,10
56,6,tarde,3
56,6,noche,9
56,7,manana,7
56,7,tarde,2
56,7,noche,8
56,8,manana,3
56,8,tarde,3
56,8,noche,9
56,9,manana,1
56,9,tarde,2
56,9,noche,1
56,10,manana,10
56,10,tarde,10
56,10,noche,8
56,11,manana,7
56,11,tarde,0
56,11,noche,6
56,12,manana,2
56,12,tarde,9
56,12,noche,3
56,13,manana,2
56,13,tarde,8
56,13,noche,8
56,14,manana,0
56,14,tarde,9
56,14,noche,8
57,1,manana,3
57,1,tarde,2
57,1,noche,2
57,2,manana,1
57,2,tarde,0
57,2,noche,1
57,3,manana,0
57,3,tarde,2
57,3,noche,3
57,4,manana,2
57,4,tarde,0
57,4,noche,0
57,5,manana,1
57,5,tarde,8
57,5,noche,6
57,6,manana,7
57,6,tarde,6
57,6,noche,6
57,7,manana,1
57,7,tarde,0
57,7,noche,0
57,8,manana,8
57,8,tarde,10
57,8,noche,9
57,9,manana,10
57,9,tarde,8
57,9,noche,10
57,10,manana,7
57,10,tarde,6
57,10,noche,1
57,11,manana,0
57,11,tarde,8
57,11,noche,1
57,12,manana,4
57,12,tarde,3
57,12,noche,5
57,13,manana,6
57,13,tarde,1
57,13,noche,4
57,14,manana,0
57,14,tarde,3
57,14,noche,8
58,1,manana,4
58,1,tarde,5
58,1,noche,10
58,2,manana,3
58,2,tarde,10
58,2,noche,1
58,3,manana,9
58,3,tarde,8
58,3,noche,0
58,4,manana,7
58,4,tarde,4
58,4,noche,6
58,5,manana,8
58,5,tarde,10
58,5,noche,2
58,6,manana,3
58,6,tarde,5
58,6,noche,4
58,7,manana,6
58,7,tarde,9
58,7,noche,5
58,8,manana,10
58,8,tarde,1
58,8,noche,0
58,9,manana,0
58,9,tarde,3
58,9,noche,0
58,10,manana,7
58,10,tarde,6
58,10,noche,2
58,11,manana,0
58,11,tarde,5
58,11,noche,4
58,12,manana,5
58,12,tarde,9
58,12,noche,6
58,13,manana,7
58,13,tarde,1
58,13,noche,5
58,14,manana,0
58,14,tarde,0
58,14,noche,6
59,1,manana,6
59,1,tarde,10
59,1,noche,6
59,2,manana,6
59,2,tarde,4
59,2,noche,1
59,3,manana,1
59,3,tarde,0
59,3,noche,10
59,4,manana,6
59,4,tarde,5
59,4,noche,4
59,5,manana,1
59,5,tarde,1
59,5,noche,3
59,6,manana,4
59,6,tarde,0
59,6,noche,7
59,7,manana,8
59,7,tarde,5
59,7,noche,1
59,8,manana,6
59,8,tarde,9
59,8,noche,9
59,9,manana,4
59,9,tarde,9
59,9,noche,7
59,10,manana,0
59,10,tarde,8
59,10,noche,9
59,11,manana,0
59,11,tarde,5
59,11,noche,8
59,12,manana,3
59,12,tarde,6
59,12,noche,6
59,13,manana,8
59,13,tarde,3
59,13,noche,4
59,14,manana,8
59,14,tarde,2
59,14,noche,6
60,1,manana,8
60,1,tarde,9
60,1,noche,9
60,2,manana,9
60,2,tarde,6
60,2,noche,2
60,3,manana,6
60,3,tarde,9
60,3,noche,7
60,4,manana,0
60,4,tarde,8
60,4,noche,3
60,5,manana,8
60,5,tarde,6
60,5,noche,8
60,6,manana,8
60,6,tarde,8
60,6,noche,10
60,7,manana,9
60,7,tarde,1
60,7,noche,7
60,8,manana,8
60,8,tarde,10
60,8,noche,10
60,9,manana,10
60,9,tarde,7
60,9,noche,9
60,10,manana,1
60,10,tarde,5
60,10,noche,0
60,11,manana,5
60,11,tarde,9
60,11,noche,6
60,12,manana,2
60,12,tarde,5
60,12,noche,7
60,13,manana,1
60,13,tarde,9
60,13,noche,7
60,14,manana,6
60,14,tarde,0
60,14,noche,9
61,1,manana,3
61,1,tarde,2
61,1,noche,0
61,2,manana,1
61,2,tarde,2
61,2,noche,6
61,3,manana,5
61,3,tarde,7
61,3,noche,10
61,4,manana,8
61,4,tarde,9
61,4,noche,8
61,5,manana,2
61,5,tarde,6
61,5,noche,0
61,6,manana,4
61,6,tarde,1
61,6,noche,8
61,7,manana,0
61,7,tarde,9
61,7,noche,5
61,8,manana,2
61,8,tarde,1
61,8,noche,7
61,9,manana,5
61,9,tarde,5
61,9,noche,8
61,10,manana,5
61,10,tarde,1
61,10,noche,7
61,11,manana,7
61,11,tarde,7
61,11,noche,4
61,12,manana,1
61,12,tarde,10
61,12,noche,2
61,13,manana,7
61,13,tarde,4
61,13,noche,6
61,14,manana,9
61,14,tarde,2
61,14,noche,1
62,1,manana,1
62,1,tarde,8
62,1,noche,10
62,2,manana,10
62,2,tarde,8
62,2,noche,2
62,3,manana,4
62,3,tarde,1
62,3,noche,9
62,4,manana,9
62,4,tarde,6
62,4,noche,2
62,5,manana,6
62,5,tarde,4
62,5,noche,2
62,6,manana,2
62,6,tarde,2
62,6,noche,9
62,7,manana,7
62,7,tarde,5
62,7,noche,8
62,8,manana,9
62,8,tarde,1
62,8,noche,7
62,9,manana,0
62,9,tarde,4
62,9,noche,5
62,10,manana,4
62,10,tarde,2
62,10,noche,1
62,11,manana,8
62,11,tarde,5
62,11,noche,10
62,12,manana,4
62,12,tarde,5
62,12,noche,7
62,13,manana,0
62,13,tarde,5
62,13,noche,6
62,14,manana,8
62,14,tarde,2
62,14,noche,0
63,1,manana,9
63,1,tarde,2
63,1,noche,2
63,2,manana,5
63,2,tarde,7
63,2,noche,0
63,3,manana,9
63,3,tarde,0
63,3,noche,0
63,4,manana,1
63,4,tarde,10
63,4,noche,6
63,5,manana,3
63,5,tarde,5
63,5,noche,6
63,6,manana,4
63,6,tarde,0
63,6,noche,7
63,7,manana,2
63,7,tarde,3
63,7,noche,2
63,8,manana,4
63,8,tarde,7
63,8,noche,2
63,9,manana,8
63,9,tarde,2
63,9,noche,8
63,10,manana,9
63,10,tarde,5
63,10,noche,4
63,11,manana,0
63,11,tarde,0
63,11,noche,1
63,12,manana,7
63,12,tarde,8
63,12,noche,10
63,13,manana,8
63,13,tarde,2
63,13,noche,2
63,14,manana,4
63,14,tarde,7
63,14,noche,3
64,1,manana,1
64,1,tarde,2
64,1,noche,6
64,2,manana,1
64,2,tarde,6
64,2,noche,8
64,3,manana,5
64,3,tarde,0
64,3,noche,7
64,4,manana,1
64,4,tarde,0
64,4,noche,5
64,5,manana,8
64,5,tarde,10
64,5,noche,0
64,6,manana,1
64,6,tarde,1
64,6,noche,9
64,7,manana,5
64,7,tarde,0
64,7,noche,9
64,8,manana,2
64,8,tarde,7
64,8,noche,1
64,9,manana,10
64,9,tarde,1
64,9,noche,5
64,10,manana,2
64,10,tarde,6
64,10,noche,1
64,11,manana,0
64,11,tarde,5
64,11,noche,3
64,12,manana,7
64,12,tarde,0
64,12,noche,9
64,13,manana,2
64,13,tarde,3
64,13,noche,0
64,14,manana,0
64,14,tarde,7
64,14,noche,1
65,1,manana,6
65,1,tarde,9
65,1,noche,5
65,2,manana,10
65,2,tarde,0
65,2,noche,0
65,3,manana,7
65,3,tarde,4
65,3,noche,10
65,4,manana,1
65,4,tarde,8
65,4,noche,9
65,5,manana,4
65,5,tarde,8
65,5,noche,5
65,6,manana,4
65,6,tarde,3
65,6,noche,10
65,7,manana,2
65,7,tarde,9
65,7,noche,8
65,8,manana,7
65,8,tarde,6
65,8,noche,9
65,9,manana,8
65,9,tarde,9
65,9,noche,3
65,10,manana,6
65,10,tarde,5
65,10,noche,2
65,11,manana,9
65,11,tarde,4
65,11,noche,4
65,12,manana,7
65,12,tarde,1
65,12,noche,6
65,13,manana,1
65,13,tarde,9
65,13,noche,8
65,14,manana,2
65,14,tarde,7
65,14,noche,3
66,1,manana,4
66,1,tarde,8
66,1,noche,1
66,2,manana,3
66,2,tarde,1
66,2,noche,0
66,3,manana,4
66,3,tarde,5
66,3,noche,0
66,4,manana,2
66,4,tarde,5
66,4,noche,8
66,5,manana,10
66,5,tarde,9
66,5,noche,6
66,6,manana,3
66,6,tarde,10
66,6,noche,2
66,7,manana,1
66,7,tarde,7
66,7,noche,4
66,8,manana,3
66,8,tarde,5
66,8,noche,7
66,9,manana,4
66,9,tarde,8
66,9,noche,3
66,10,manana,5
66,10,tarde,2
66,10,noche,6
66,11,manana,8
66,11,tarde,0
66,11,noche,6
66,12,manana,4
66,12,tarde,8
66,12,noche,6
66,13,manana,0
66,13,tarde,6
66,13,noche,7
66,14,manana,3
66,14,tarde,9
66,14,noche,8
67,1,manana,3
67,1,tarde,4
67,1,noche,4
67,2,manana,8
67,2,tarde,8
67,2,noche,3
67,3,manana,8
67,3,tarde,4
67,3,noche,2
67,4,manana,5
67,4,tarde,3
67,4,noche,6
67,5,manana,10
67,5,tarde,4
67,5,noche,6
67,6,manana,2
67,6,tarde,8
67,6,noche,0
67,7,manana,5
67,7,tarde,5
67,7,noche,0
67,8,manana,7
67,8,tarde,7
67,8,noche,4
67,9,manana,0
67,9,tarde,6
67,9,noche,5
67,10,manana,7
67,10,tarde,9
67,10,noche,5
67,11,manana,5
67,11,tarde,1
67,11,noche,5
67,12,manana,6
67,12,tarde,2
67,12,noche,3
67,13,manana,9
67,13,tarde,2
67,13,noche,0
67,14,manana,9
67,14,tarde,0
67,14,noche,8
68,1,manana,5
68,1,tarde,5
68,1,noche,1
68,2,manana,0
68,2,tarde,7
68,2,noche,10
68,3,manana,4
68,3,tarde,0
68,3,noche,10
68,4,manana,9
68,4,tarde,1
68,4,noche,3
68,5,manana,1
68,5,tarde,1
68,5,noche,1
68,6,manana,7
68,6,tarde,8
68,6,noche,6
68,7,manana,1
68,7,tarde,9
68,7,noche,10
68,8,manana,0
68,8,tarde,2
68,8,noche,5
68,9,manana,4
68,9,tarde,7
68,9,noche,10
68,10,manana,6
68,10,tarde,0
68,10,noche,10
68,11,manana,2
68,11,tarde,2
68,11,noche,10
68,12,manana,0
68,12,tarde,6
68,12,noche,9
68,13,manana,5
68,13,tarde,3
68,13,noche,5
68,14,manana,4
68,14,tarde,1
68,14,noche,10
69,1,manana,2
69,1,tarde,0
69,1,noche,1
69,2,manana,10
69,2,tarde,2
69,2,noche,2
69,3,manana,7
69,3,tarde,5
69,3,noche,9
69,4,manana,5
69,4,tarde,0
69,4,noche,0
69,5,manana,2
69,5,tarde,6
69,5,noche,0
69,6,manana,1
69,6,tarde,5
69,6,noche,1
69,7,manana,5
69,7,tarde,3
69,7,noche,2
69,8,manana,5
69,8,tarde,10
69,8,noche,10
69,9,manana,10
69,9,tarde,9
69,9,noche,4
69,10,manana,7
69,10,tarde,10
69,10,noche,9
69,11,manana,5
69,11,tarde,0
69,11,noche,7
69,12,manana,4
69,12,tarde,0
69,12,noche,7
69,13,manana,1
69,13,tarde,7
69,13,noche,3
69,14,manana,2
69,14,tarde,7
69,14,noche,9
70,1,manana,8
70,1,tarde,0
70,1,noche,5
70,2,manana,9
70,2,tarde,10
70,2,noche,5
70,3,manana,10
70,3,tarde,0
70,3,noche,3
70,4,manana,10
70,4,tarde,1
70,4,noche,0
70,5,manana,0
70,5,tarde,6
70,5,noche,4
70,6,manana,10
70,6,tarde,9
70,6,noche,3
70,7,manana,4
70,7,tarde,0
70,7,noche,3
70,8,manana,9
70,8,tarde,1
70,8,noche,0
70,9,manana,4
70,9,tarde,5
70,9,noche,2
70,10,manana,0
70,10,tarde,3
70,10,noche,6
70,11,manana,0
70,11,tarde,8
70,11,noche,9
70,12,manana,4
70,12,tarde,1
70,12,noche,1
70,13,manana,8
70,13,tarde,4
70,13,noche,10
70,14,manana,9
70,14,tarde,1
70,14,noche,3
71,1,manana,10
71,1,tarde,5
71,1,noche,9
71,2,manana,9
71,2,tarde,2
71,2,noche,8
71,3,manana,5
71,3,tarde,5
71,3,noche,3
71,4,manana,5
71,4,tarde,10
71,4,noche,9
71,5,manana,5
71,5,tarde,2
71,5,noche,0
71,6,manana,5
71,6,tarde,6
71,6,noche,1
71,7,manana,0
71,7,tarde,0
71,7,noche,6
71,8,manana,7
71,8,tarde,9
71,8,noche,9
71,9,manana,0
71,9,tarde,10
71,9,noche,0
71,10,manana,6
71,10,tarde,9
71,10,noche,6
71,11,manana,8
71,11,tarde,0
71,11,noche,1
71,12,manana,8
71,12,tarde,6
71,12,noche,7
71,13,manana,7
71,13,tarde,4
71,13,noche,0
71,14,manana,3
71,14,tarde,7
71,14,noche,8
72,1,manana,4
72,1,tarde,10
72,1,noche,2
72,2,manana,3
72,2,tarde,10
72,2,noche,3
72,3,manana,9
72,3,tarde,4
72,3,noche,4
72,4,manana,9
72,4,tarde,5
72,4,noche,3
72,5,manana,0
72,5,tarde,0
72,5,noche,6
72,6,manana,7
72,6,tarde,7
72,6,noche,6
72,7,manana,2
72,7,tarde,5
72,7,noche,5
72,8,manana,0
72,8,tarde,3
72,8,noche,2
72,9,manana,10
72,9,tarde,5
72,9,noche,0
72,10,manana,1
72,10,tarde,7
72,10,noche,3
72,11,manana,6
72,11,tarde,5
72,11,noche,4
72,12,manana,2
72,12,tarde,6
72,12,noche,2
72,13,manana,4
72,13,tarde,1
72,13,noche,7
72,14,manana,8
72,14,tarde,4
72,14,noche,2
73,1,manana,9
73,1,tarde,0
73,1,noche,10
73,2,manana,2
73,2,tarde,10
73,2,noche,9
73,3,manana,2
73,3,tarde,3
73,3,noche,3
73,4,manana,4
73,4,tarde,5
73,4,noche,1
73,5,manana,1
73,5,tarde,0
73,5,noche,0
73,6,manana,9
73,6,tarde,0
73,6,noche,10
73,7,manana,6
73,7,tarde,10
73,7,noche,0
73,8,manana,5
73,8,tarde,3
73,8,noche,0
73,9,manana,10
73,9,tarde,8
73,9,noche,8
73,10,manana,6
73,10,tarde,8
73,10,noche,4
73,11,manana,3
73,11,tarde,0
73,11,noche,2
73,12,manana,1
73,12,tarde,1
73,12,noche,6
73,13,manana,6
73,13,tarde,7
73,13,noche,3
73,14,manana,2
73,14,tarde,9
73,14,noche,0
74,1,manana,4
74,1,tarde,10
74,1,noche,5
74,2,manana,7
74,2,tarde,5
74,2,noche,9
74,3,manana,8
74,3,tarde,8
74,3,noche,7
74,4,manana,5
74,4,tarde,9
74,4,noche,2
74,5,manana,1
74,5,tarde,2
74,5,noche,9
74,6,manana,9
74,6,tarde,6
74,6,noche,4
74,7,manana,2
74,7,tarde,6
74,7,noche,0
74,8,manana,3
74,8,tarde,3
74,8,noche,6
74,9,manana,10
74,9,tarde,2
74,9,noche,0
74,10,manana,2
74,10,tarde,7
74,10,noche,5
74,11,manana,5
74,11,tarde,8
74,11,noche,2
74,12,manana,1
74,12,tarde,4
74,12,noche,7
74,13,manana,7
74,13,tarde,0
74,13,noche,9
74,14,manana,2
74,14,tarde,0
74,14,noche,7
75,1,manana,1
75,1,tarde,1
75,1,noche,5
75,2,manana,2
75,2,tarde,3
75,2,noche,8
75,3,manana,0
75,3,tarde,2
75,3,noche,3
75,4,manana,6
75,4,tarde,2
75,4,noche,1
75,5,manana,10
75,5,tarde,9
75,5,noche,10
75,6,manana,2
75,6,tarde,1
75,6,noche,5
75,7,manana,8
75,7,tarde,1
75,7,noche,8
75,8,manana,9
75,8,tarde,7
75,8,noche,0
75,9,manana,10
75,9,tarde,5
75,9,noche,9
75,10,manana,1
75,10,tarde,6
75,10,noche,1
75,11,manana,1
75,11,tarde,8
75,11,noche,6
75,12,manana,3
75,12,tarde,8
75,12,noche,5
75,13,manana,5
75,13,tarde,8
75,13,noche,8
75,14,manana,1
75,14,tarde,9
75,14,noche,5
76,1,manana,9
76,1,tarde,7
76,1,noche,7
76,2,manana,2
76,2,tarde,1
76,2,noche,6
76,3,manana,8
76,3,tarde,8
76,3,noche,0
76,4,manana,0
76,4,tarde,5
76,4,noche,3
76,5,manana,7
76,5,tarde,8
76,5,noche,9
76,6,manana,3
76,6,tarde,1
76,6,noche,8
76,7,manana,6
76,7,tarde,9
76,7,noche,2
76,8,manana,8
76,8,tarde,9
76,8,noche,7
76,9,manana,2
76,9,tarde,8
76,9,noche,4
76,10,manana,5
76,10,tarde,4
76,10,noche,0
76,11,manana,10
76,11,tarde,1
76,11,noche,8
76,12,manana,2
76,12,tarde,2
76,12,noche,7
76,13,manana,2
76,13,tarde,0
76,13,noche,0
76,14,manana,2
76,14,tarde,8
76,14,noche,3
77,1,manana,9
77,1,tarde,4
77,1,noche,8
77,2,manana,2
77,2,tarde,10
77,2,noche,3
77,3,manana,2
77,3,tarde,10
77,3,noche,2
77,4,manana,0
77,4,tarde,4
77,4,noche,1
77,5,manana,4
77,5,tarde,4
77,5,noche,7
77,6,manana,4
77,6,tarde,10
77,6,noche,3
77,7,manana,2
77,7,tarde,8
77,7,noche,1
77,8,manana,1
77,8,tarde,6
77,8,noche,5
77,9,manana,9
77,9,tarde,9
77,9,noche,3
77,10,manana,0
77,10,tarde,10
77,10,noche,2
77,11,manana,10
77,11,tarde,0
77,11,noche,2
77,12,manana,0
77,12,tarde,10
77,12,noche,3
77,13,manana,0
77,13,tarde,4
77,13,noche,2
77,14,manana,3
77,14,tarde,2
77,14,noche,2
78,1,manana,7
78,1,tarde,7
78,1,noche,5
78,2,manana,2
78,2,tarde,1
78,2,noche,3
78,3,manana,5
78,3,tarde,3
78,3,noche,0
78,4,manana,2
78,4,tarde,8
78,4,noche,1
78,5,manana,6
78,5,tarde,5
78,5,noche,0
78,6,manana,6
78,6,tarde,4
78,6,noche,6
78,7,manana,3
78,7,tarde,0
78,7,noche,10
78,8,manana,0
78,8,tarde,5
78,8,noche,9
78,9,manana,3
78,9,tarde,7
78,9,noche,7
78,10,manana,7
78,10,tarde,5
78,10,noche,6
78,11,manana,9
78,11,tarde,1
78,11,noche,9
78,12,manana,8
78,12,tarde,3
78,12,noche,2
78,13,manana,1
78,13,tarde,10
78,13,noche,0
78,14,manana,10
78,14,tarde,2
78,14,noche,9
